P_AccountNumber,P_Password,P_Amount,P_PayName,P_PayBank
IQ11247,welcome,100,ss,SBI
IQ11250,welcome,1000,ss1,HDFC
IQ11252,welcome,10000,ss2,Kotak
IQ11255,welcome,100000,ss3,ICIC
IQ11257,welcome,100,ss4,Canara
IQ11259,welcome,1000,ss5,SBI
IQ11261,welcome,10000,ss6,HDFC
IQ11262,welcome,100000,ss7,Kotak
IQ11263,welcome,100,ss8,ICIC
IQ11264,welcome,1000,ss9,Canara
IQ11266,welcome,10000,ss10,SBI
IQ11268,welcome,100000,ss11,HDFC
IQ11271,welcome,100,ss12,Kotak
IQ11274,welcome,1000,ss13,ICIC
IQ11276,welcome,10000,ss14,Canara
IQ11279,welcome,100000,ss15,SBI
IQ11281,welcome,100,ss16,HDFC
IQ11284,welcome,1000,ss17,Kotak
IQ11286,welcome,10000,ss18,ICIC
IQ11289,welcome,100000,ss19,Canara
IQ11291,welcome,100,ss20,SBI
IQ11294,welcome,1000,ss21,HDFC
IQ11296,welcome,10000,ss22,Kotak
IQ11299,welcome,100000,ss23,ICIC
IQ11301,welcome,100,ss24,Canara
IQ11302,welcome,1000,ss25,SBI
IQ10707,welcome,10000,ss26,HDFC
IQ10708,welcome,100000,ss27,Kotak
IQ10709,welcome,100,ss28,ICIC
IQ10710,welcome,1000,ss29,Canara
IQ10711,welcome,10000,ss30,SBI
IQ10712,welcome,100000,ss31,HDFC
IQ10713,welcome,100,ss32,Kotak
IQ10714,welcome,1000,ss33,ICIC
IQ10715,welcome,10000,ss34,Canara
IQ10716,welcome,100000,ss35,SBI
IQ10717,welcome,100,ss36,HDFC
IQ10718,welcome,1000,ss37,Kotak
IQ10719,welcome,10000,ss38,ICIC
IQ10720,welcome,100000,ss39,Canara
IQ10721,welcome,100,ss40,SBI
IQ10722,welcome,1000,ss41,HDFC
IQ10723,welcome,10000,ss42,Kotak
IQ10724,welcome,100000,ss43,ICIC
IQ10725,welcome,100,ss44,Canara
IQ10726,welcome,1000,ss45,SBI
IQ10727,welcome,10000,ss46,HDFC
IQ10728,welcome,100000,ss47,Kotak
IQ10729,welcome,100,ss48,ICIC
IQ10730,welcome,1000,ss49,Canara
IQ10731,welcome,10000,ss50,SBI
IQ10732,welcome,100000,ss51,HDFC
IQ10733,welcome,100,ss52,Kotak
IQ10734,welcome,1000,ss53,ICIC
IQ10735,welcome,10000,ss54,Canara
IQ10736,welcome,100000,ss55,SBI
IQ10737,welcome,100,ss56,HDFC
IQ10738,welcome,1000,ss57,Kotak
IQ10739,welcome,10000,ss58,ICIC
IQ10740,welcome,100000,ss59,Canara
IQ10741,welcome,100,ss60,SBI
IQ10742,welcome,1000,ss61,HDFC
IQ10743,welcome,10000,ss62,Kotak
IQ10744,welcome,100000,ss63,ICIC
IQ10745,welcome,100,ss64,Canara
IQ10746,welcome,1000,ss65,SBI
IQ10748,welcome,10000,ss66,HDFC
IQ10750,welcome,100000,ss67,Kotak
IQ10751,welcome,100,ss68,ICIC
IQ10753,welcome,1000,ss69,Canara
IQ10754,welcome,10000,ss70,SBI
IQ10755,welcome,100000,ss71,HDFC
IQ10757,welcome,100,ss72,Kotak
IQ10758,welcome,1000,ss73,ICIC
IQ10760,welcome,10000,ss74,Canara
IQ10761,welcome,100000,ss75,SBI
IQ10762,welcome,100,ss76,HDFC
IQ10763,welcome,1000,ss77,Kotak
IQ10764,welcome,10000,ss78,ICIC
IQ10765,welcome,100000,ss79,Canara
IQ10766,welcome,100,ss80,SBI
IQ10767,welcome,1000,ss81,HDFC
IQ10768,welcome,10000,ss82,Kotak
IQ10769,welcome,100000,ss83,ICIC
IQ10770,welcome,100,ss84,Canara
IQ10771,welcome,1000,ss85,SBI
IQ10772,welcome,10000,ss86,HDFC
IQ10773,welcome,100000,ss87,Kotak
IQ10774,welcome,100,ss88,ICIC
IQ10775,welcome,1000,ss89,Canara
IQ10776,welcome,10000,ss90,SBI
IQ10777,welcome,100000,ss91,HDFC
IQ10778,welcome,100,ss92,Kotak
IQ10779,welcome,1000,ss93,ICIC
IQ10780,welcome,10000,ss94,Canara
IQ10781,welcome,100000,ss95,SBI
IQ10782,welcome,100,ss96,HDFC
IQ10783,welcome,1000,ss97,Kotak
IQ10784,welcome,10000,ss98,ICIC
IQ10785,welcome,100000,ss99,Canara
IQ10786,welcome,100,ss100,SBI
IQ10787,welcome,1000,ss101,HDFC
IQ10788,welcome,10000,ss102,Kotak
IQ10789,welcome,100000,ss103,ICIC
IQ10790,welcome,100,ss104,Canara
IQ10791,welcome,1000,ss105,SBI
IQ10792,welcome,10000,ss106,HDFC
IQ10793,welcome,100000,ss107,Kotak
IQ10794,welcome,100,ss108,ICIC
IQ10795,welcome,1000,ss109,Canara
IQ10796,welcome,10000,ss110,SBI
IQ10797,welcome,100000,ss111,HDFC
IQ10798,welcome,100,ss112,Kotak
IQ10799,welcome,1000,ss113,ICIC
IQ10800,welcome,10000,ss114,Canara
IQ10801,welcome,100000,ss115,SBI
IQ10802,welcome,100,ss116,HDFC
IQ10803,welcome,1000,ss117,Kotak
IQ10804,welcome,10000,ss118,ICIC
IQ10805,welcome,100000,ss119,Canara
IQ10806,welcome,100,ss120,SBI
IQ10807,welcome,1000,ss121,HDFC
IQ10808,welcome,10000,ss122,Kotak
IQ10809,welcome,100000,ss123,ICIC
IQ10810,welcome,100,ss124,Canara
IQ10811,welcome,1000,ss125,SBI
IQ10812,welcome,10000,ss126,HDFC
IQ10813,welcome,100000,ss127,Kotak
IQ10814,welcome,100,ss128,ICIC
IQ10815,welcome,1000,ss129,Canara
IQ10816,welcome,10000,ss130,SBI
IQ10817,welcome,100000,ss131,HDFC
IQ10818,welcome,100,ss132,Kotak
IQ10819,welcome,1000,ss133,ICIC
IQ10820,welcome,10000,ss134,Canara
IQ10821,welcome,100000,ss135,SBI
IQ10822,welcome,100,ss136,HDFC
IQ10823,welcome,1000,ss137,Kotak
IQ10824,welcome,10000,ss138,ICIC
IQ10825,welcome,100000,ss139,Canara
IQ10826,welcome,100,ss140,SBI
IQ10827,welcome,1000,ss141,HDFC
IQ10828,welcome,10000,ss142,Kotak
IQ10829,welcome,100000,ss143,ICIC
IQ10830,welcome,100,ss144,Canara
IQ10831,welcome,1000,ss145,SBI
IQ10832,welcome,10000,ss146,HDFC
IQ10833,welcome,100000,ss147,Kotak
IQ10834,welcome,100,ss148,ICIC
IQ10835,welcome,1000,ss149,Canara
IQ10836,welcome,10000,ss150,SBI
IQ10837,welcome,100000,ss151,HDFC
IQ10838,welcome,100,ss152,Kotak
IQ10839,welcome,1000,ss153,ICIC
IQ10840,welcome,10000,ss154,Canara
IQ10841,welcome,100000,ss155,SBI
IQ10842,welcome,100,ss156,HDFC
IQ10843,welcome,1000,ss157,Kotak
IQ10844,welcome,10000,ss158,ICIC
IQ10845,welcome,100000,ss159,Canara
IQ10846,welcome,100,ss160,SBI
IQ10847,welcome,1000,ss161,HDFC
IQ10848,welcome,10000,ss162,Kotak
IQ10849,welcome,100000,ss163,ICIC
IQ10850,welcome,100,ss164,Canara
IQ10851,welcome,1000,ss165,SBI
IQ10852,welcome,10000,ss166,HDFC
IQ10853,welcome,100000,ss167,Kotak
IQ10854,welcome,100,ss168,ICIC
IQ10855,welcome,1000,ss169,Canara
IQ10856,welcome,10000,ss170,SBI
IQ10857,welcome,100000,ss171,HDFC
IQ10858,welcome,100,ss172,Kotak
IQ10859,welcome,1000,ss173,ICIC
IQ10860,welcome,10000,ss174,Canara
IQ10861,welcome,100000,ss175,SBI
IQ10862,welcome,100,ss176,HDFC
IQ10863,welcome,1000,ss177,Kotak
IQ10865,welcome,10000,ss178,ICIC
IQ10866,welcome,100000,ss179,Canara
IQ10867,welcome,100,ss180,SBI
IQ10869,welcome,1000,ss181,HDFC
IQ10871,welcome,10000,ss182,Kotak
IQ10873,welcome,100000,ss183,ICIC
IQ10874,welcome,100,ss184,Canara
IQ10875,welcome,1000,ss185,SBI
IQ10876,welcome,10000,ss186,HDFC
IQ10877,welcome,100000,ss187,Kotak
IQ10878,welcome,100,ss188,ICIC
IQ10879,welcome,1000,ss189,Canara
IQ10880,welcome,10000,ss190,SBI
IQ10881,welcome,100000,ss191,HDFC
IQ10882,welcome,100,ss192,Kotak
IQ10883,welcome,1000,ss193,ICIC
IQ10884,welcome,10000,ss194,Canara
IQ10885,welcome,100000,ss195,SBI
IQ10886,welcome,100,ss196,HDFC
IQ10887,welcome,1000,ss197,Kotak
IQ10888,welcome,10000,ss198,ICIC
IQ10889,welcome,100000,ss199,Canara
IQ10890,welcome,100,ss200,SBI
IQ10891,welcome,1000,ss201,HDFC
IQ10892,welcome,10000,ss202,Kotak
IQ10893,welcome,100000,ss203,ICIC
IQ10894,welcome,100,ss204,Canara
IQ10895,welcome,1000,ss205,SBI
IQ10896,welcome,10000,ss206,HDFC
IQ10897,welcome,100000,ss207,Kotak
IQ10898,welcome,100,ss208,ICIC
IQ10899,welcome,1000,ss209,Canara
IQ10900,welcome,10000,ss210,SBI
IQ10901,welcome,100000,ss211,HDFC
IQ10902,welcome,100,ss212,Kotak
IQ10903,welcome,1000,ss213,ICIC
IQ10904,welcome,10000,ss214,Canara
IQ10905,welcome,100000,ss215,SBI
IQ10906,welcome,100,ss216,HDFC
IQ10907,welcome,1000,ss217,Kotak
IQ10908,welcome,10000,ss218,ICIC
IQ10909,welcome,100000,ss219,Canara
IQ10910,welcome,100,ss220,SBI
IQ10911,welcome,1000,ss221,HDFC
IQ10912,welcome,10000,ss222,Kotak
IQ10913,welcome,100000,ss223,ICIC
IQ10914,welcome,100,ss224,Canara
IQ10915,welcome,1000,ss225,SBI
IQ10916,welcome,10000,ss226,HDFC
IQ10917,welcome,100000,ss227,Kotak
IQ10918,welcome,100,ss228,ICIC
IQ10919,welcome,1000,ss229,Canara
IQ10920,welcome,10000,ss230,SBI
IQ10921,welcome,100000,ss231,HDFC
IQ10922,welcome,100,ss232,Kotak
IQ10923,welcome,1000,ss233,ICIC
IQ10924,welcome,10000,ss234,Canara
IQ10925,welcome,100000,ss235,SBI
IQ10926,welcome,100,ss236,HDFC
IQ10927,welcome,1000,ss237,Kotak
IQ10928,welcome,10000,ss238,ICIC
IQ10929,welcome,100000,ss239,Canara
IQ10930,welcome,100,ss240,SBI
IQ10931,welcome,1000,ss241,HDFC
IQ10932,welcome,10000,ss242,Kotak
IQ10933,welcome,100000,ss243,ICIC
IQ10934,welcome,100,ss244,Canara
IQ10935,welcome,1000,ss245,SBI
IQ10936,welcome,10000,ss246,HDFC
IQ10937,welcome,100000,ss247,Kotak
IQ10938,welcome,100,ss248,ICIC
IQ10939,welcome,1000,ss249,Canara
IQ10940,welcome,10000,ss250,SBI
IQ10941,welcome,100000,ss251,HDFC
IQ10942,welcome,100,ss252,Kotak
IQ10943,welcome,1000,ss253,ICIC
IQ10944,welcome,10000,ss254,Canara
IQ10945,welcome,100000,ss255,SBI
IQ10946,welcome,100,ss256,HDFC
IQ10947,welcome,1000,ss257,Kotak
IQ10948,welcome,10000,ss258,ICIC
IQ10949,welcome,100000,ss259,Canara
IQ10950,welcome,100,ss260,SBI
IQ10967,welcome,1000,ss261,HDFC
IQ10968,welcome,10000,ss262,Kotak
IQ10969,welcome,100000,ss263,ICIC
IQ10970,welcome,100,ss264,Canara
IQ10971,welcome,1000,ss265,SBI
IQ10972,welcome,10000,ss266,HDFC
IQ10973,welcome,100000,ss267,Kotak
IQ10974,welcome,100,ss268,ICIC
IQ10975,welcome,1000,ss269,Canara
IQ10976,welcome,10000,ss270,SBI
IQ10978,welcome,100000,ss271,HDFC
IQ10980,welcome,100,ss272,Kotak
IQ10981,welcome,1000,ss273,ICIC
IQ10982,welcome,10000,ss274,Canara
IQ10983,welcome,100000,ss275,SBI
IQ10985,welcome,100,ss276,HDFC
IQ10986,welcome,1000,ss277,Kotak
IQ10987,welcome,10000,ss278,ICIC
IQ10988,welcome,100000,ss279,Canara
IQ10990,welcome,100,ss280,SBI
IQ10991,welcome,1000,ss281,HDFC
IQ10992,welcome,10000,ss282,Kotak
IQ10993,welcome,100000,ss283,ICIC
IQ10994,welcome,100,ss284,Canara
IQ10995,welcome,1000,ss285,SBI
IQ10997,welcome,10000,ss286,HDFC
IQ10998,welcome,100000,ss287,Kotak
IQ10999,welcome,100,ss288,ICIC
IQ11000,welcome,1000,ss289,Canara
IQ11001,welcome,10000,ss290,SBI
IQ11003,welcome,100000,ss291,HDFC
IQ11004,welcome,100,ss292,Kotak
IQ11005,welcome,1000,ss293,ICIC
IQ11006,welcome,10000,ss294,Canara
IQ11007,welcome,100000,ss295,SBI
IQ11008,welcome,100,ss296,HDFC
IQ11009,welcome,1000,ss297,Kotak
IQ11010,welcome,10000,ss298,ICIC
IQ11011,welcome,100000,ss299,Canara
