P_AccountNumber,P_Password,P_Loanamount,P_FirstName,P_LastName,P_PhoneNumber,P_Mobile,P_Pincode,P_OfficeAddress,P_Email,P_PAN,P_CurrentAddress,P_Nameofcompany
IQ11247,welcome,10000,ss,tt,7896543567,7896543567,524305,banglore,ss@gmail.com,789tyhufr,banglore,Innova
IQ11250,welcome,100000,ss1,tt1,8975432457,8975432457,897675,mumbai,ss1@gmail.com,io8965409,mumbai,Technova
IQ11252,welcome,90000,ss2,tt2,8906543678,8906543678,567890,pune,ss2@gmail.com,789tyhufr,pune,Prime
IQ11255,welcome,80000,ss3,tt3,8906543679,8906543679,789654,orrisa,ss1@gmail.com,io8965409,orrisa,Innova
IQ11257,welcome,10000,ss4,tt4,8907654326,8907654326,524305,banglore,ss2@gmail.com,789tyhufr,banglore,Technova
IQ11259,welcome,100000,ss5,tt5,7896543567,7896543567,897675,mumbai,ss1@gmail.com,io8965409,mumbai,Prime
IQ11261,welcome,90000,ss6,tt6,8975432457,8975432457,567890,pune,ss2@gmail.com,789tyhufr,pune,Innova
IQ11262,welcome,80000,ss7,tt7,8906543678,8906543678,789654,orrisa,ss1@gmail.com,io8965409,orrisa,Technova
IQ11263,welcome,10000,ss8,tt8,8906543679,8906543679,524305,banglore,ss2@gmail.com,789tyhufr,banglore,Prime
IQ11264,welcome,100000,ss9,tt9,8907654326,8907654326,897675,mumbai,ss1@gmail.com,io8965409,mumbai,Innova
IQ11266,welcome,90000,ss10,tt10,7896543567,7896543567,567890,pune,ss2@gmail.com,789tyhufr,pune,Technova
IQ11268,welcome,80000,ss11,tt11,8975432457,8975432457,789654,orrisa,ss1@gmail.com,io8965409,orrisa,Prime
IQ11271,welcome,10000,ss12,tt12,8906543678,8906543678,524305,banglore,ss2@gmail.com,789tyhufr,banglore,Innova
IQ11274,welcome,100000,ss13,tt13,8906543679,8906543679,897675,mumbai,ss1@gmail.com,io8965409,mumbai,Technova
IQ11276,welcome,90000,ss14,tt14,8907654326,8907654326,567890,pune,ss2@gmail.com,789tyhufr,pune,Prime
IQ11279,welcome,80000,ss15,tt15,7896543567,7896543567,789654,orrisa,ss1@gmail.com,io8965409,orrisa,Innova
IQ11281,welcome,10000,ss16,tt16,8975432457,8975432457,524305,banglore,ss2@gmail.com,789tyhufr,banglore,Technova
IQ11284,welcome,100000,ss17,tt17,8906543678,8906543678,897675,mumbai,ss1@gmail.com,io8965409,mumbai,Prime
IQ11286,welcome,90000,ss18,tt18,8906543679,8906543679,567890,pune,ss2@gmail.com,789tyhufr,pune,Innova
IQ11289,welcome,80000,ss19,tt19,8907654326,8907654326,789654,orrisa,ss1@gmail.com,io8965409,orrisa,Technova
IQ11291,welcome,10000,ss20,tt20,7896543567,7896543567,524305,banglore,ss2@gmail.com,789tyhufr,banglore,Prime
IQ11294,welcome,100000,ss21,tt21,8975432457,8975432457,897675,mumbai,ss1@gmail.com,io8965409,mumbai,Innova
IQ11296,welcome,90000,ss22,tt22,8906543678,8906543678,567890,pune,ss2@gmail.com,789tyhufr,pune,Technova
IQ11299,welcome,80000,ss23,tt23,8906543679,8906543679,789654,orrisa,ss1@gmail.com,io8965409,orrisa,Prime
IQ11301,welcome,10000,ss24,tt24,8907654326,8907654326,524305,banglore,ss2@gmail.com,789tyhufr,banglore,Innova
IQ11302,welcome,100000,ss25,tt25,7896543567,7896543567,897675,mumbai,ss1@gmail.com,io8965409,mumbai,Technova
IQ10707,welcome,90000,ss26,tt26,8975432457,8975432457,567890,pune,ss2@gmail.com,789tyhufr,pune,Prime
IQ10708,welcome,80000,ss27,tt27,8906543678,8906543678,789654,orrisa,ss1@gmail.com,io8965409,orrisa,Innova
IQ10709,welcome,10000,ss28,tt28,8906543679,8906543679,524305,banglore,ss2@gmail.com,789tyhufr,banglore,Technova
IQ10710,welcome,100000,ss29,tt29,8907654326,8907654326,897675,mumbai,ss1@gmail.com,io8965409,mumbai,Prime
IQ10711,welcome,90000,ss30,tt30,7896543567,7896543567,567890,pune,ss2@gmail.com,789tyhufr,pune,Innova
IQ10712,welcome,80000,ss31,tt31,8975432457,8975432457,789654,orrisa,ss1@gmail.com,io8965409,orrisa,Technova
IQ10713,welcome,10000,ss32,tt32,8906543678,8906543678,524305,banglore,ss2@gmail.com,789tyhufr,banglore,Prime
IQ10714,welcome,100000,ss33,tt33,8906543679,8906543679,897675,mumbai,ss1@gmail.com,io8965409,mumbai,Innova
IQ10715,welcome,90000,ss34,tt34,8907654326,8907654326,567890,pune,ss2@gmail.com,789tyhufr,pune,Technova
IQ10716,welcome,80000,ss35,tt35,7896543567,7896543567,789654,orrisa,ss1@gmail.com,io8965409,orrisa,Prime
IQ10717,welcome,10000,ss36,tt36,8975432457,8975432457,524305,banglore,ss2@gmail.com,789tyhufr,banglore,Innova
IQ10718,welcome,100000,ss37,tt37,8906543678,8906543678,897675,mumbai,ss1@gmail.com,io8965409,mumbai,Technova
IQ10719,welcome,90000,ss38,tt38,8906543679,8906543679,567890,pune,ss2@gmail.com,789tyhufr,pune,Prime
IQ10720,welcome,80000,ss39,tt39,8907654326,8907654326,789654,orrisa,ss1@gmail.com,io8965409,orrisa,Innova
IQ10721,welcome,10000,ss40,tt40,7896543567,7896543567,524305,banglore,ss2@gmail.com,789tyhufr,banglore,Technova
IQ10722,welcome,100000,ss41,tt41,8975432457,8975432457,897675,mumbai,ss1@gmail.com,io8965409,mumbai,Prime
IQ10723,welcome,90000,ss42,tt42,8906543678,8906543678,567890,pune,ss2@gmail.com,789tyhufr,pune,Innova
IQ10724,welcome,80000,ss43,tt43,8906543679,8906543679,789654,orrisa,ss1@gmail.com,io8965409,orrisa,Technova
IQ10725,welcome,10000,ss44,tt44,8907654326,8907654326,524305,banglore,ss2@gmail.com,789tyhufr,banglore,Prime
IQ10726,welcome,100000,ss45,tt45,7896543567,7896543567,897675,mumbai,ss1@gmail.com,io8965409,mumbai,Innova
IQ10727,welcome,90000,ss46,tt46,8975432457,8975432457,567890,pune,ss2@gmail.com,789tyhufr,pune,Technova
IQ10728,welcome,80000,ss47,tt47,8906543678,8906543678,789654,orrisa,ss1@gmail.com,io8965409,orrisa,Prime
IQ10729,welcome,10000,ss48,tt48,8906543679,8906543679,524305,banglore,ss2@gmail.com,789tyhufr,banglore,Innova
IQ10730,welcome,100000,ss49,tt49,8907654326,8907654326,897675,mumbai,ss1@gmail.com,io8965409,mumbai,Technova
IQ10731,welcome,90000,ss50,tt50,7896543567,7896543567,567890,pune,ss2@gmail.com,789tyhufr,pune,Prime
IQ10732,welcome,80000,ss51,tt51,8975432457,8975432457,789654,orrisa,ss1@gmail.com,io8965409,orrisa,Innova
IQ10733,welcome,10000,ss52,tt52,8906543678,8906543678,524305,banglore,ss2@gmail.com,789tyhufr,banglore,Technova
IQ10734,welcome,100000,ss53,tt53,8906543679,8906543679,897675,mumbai,ss1@gmail.com,io8965409,mumbai,Prime
IQ10735,welcome,90000,ss54,tt54,8907654326,8907654326,567890,pune,ss2@gmail.com,789tyhufr,pune,Innova
IQ10736,welcome,80000,ss55,tt55,7896543567,7896543567,789654,orrisa,ss1@gmail.com,io8965409,orrisa,Technova
IQ10737,welcome,10000,ss56,tt56,8975432457,8975432457,524305,banglore,ss2@gmail.com,789tyhufr,banglore,Prime
IQ10738,welcome,100000,ss57,tt57,8906543678,8906543678,897675,mumbai,ss1@gmail.com,io8965409,mumbai,Innova
IQ10739,welcome,90000,ss58,tt58,8906543679,8906543679,567890,pune,ss2@gmail.com,789tyhufr,pune,Technova
IQ10740,welcome,80000,ss59,tt59,8907654326,8907654326,789654,orrisa,ss1@gmail.com,io8965409,orrisa,Prime
IQ10741,welcome,10000,ss60,tt60,7896543567,7896543567,524305,banglore,ss2@gmail.com,789tyhufr,banglore,Innova
IQ10742,welcome,100000,ss61,tt61,8975432457,8975432457,897675,mumbai,ss1@gmail.com,io8965409,mumbai,Technova
IQ10743,welcome,90000,ss62,tt62,8906543678,8906543678,567890,pune,ss2@gmail.com,789tyhufr,pune,Prime
IQ10744,welcome,80000,ss63,tt63,8906543679,8906543679,789654,orrisa,ss1@gmail.com,io8965409,orrisa,Innova
IQ10745,welcome,10000,ss64,tt64,8907654326,8907654326,524305,banglore,ss2@gmail.com,789tyhufr,banglore,Technova
IQ10746,welcome,100000,ss65,tt65,7896543567,7896543567,897675,mumbai,ss1@gmail.com,io8965409,mumbai,Prime
IQ10748,welcome,90000,ss66,tt66,8975432457,8975432457,567890,pune,ss2@gmail.com,789tyhufr,pune,Innova
IQ10750,welcome,80000,ss67,tt67,8906543678,8906543678,789654,orrisa,ss1@gmail.com,io8965409,orrisa,Technova
IQ10751,welcome,10000,ss68,tt68,8906543679,8906543679,524305,banglore,ss2@gmail.com,789tyhufr,banglore,Prime
IQ10753,welcome,100000,ss69,tt69,8907654326,8907654326,897675,mumbai,ss1@gmail.com,io8965409,mumbai,Innova
IQ10754,welcome,90000,ss70,tt70,7896543567,7896543567,567890,pune,ss2@gmail.com,789tyhufr,pune,Technova
IQ10755,welcome,80000,ss71,tt71,8975432457,8975432457,789654,orrisa,ss1@gmail.com,io8965409,orrisa,Prime
IQ10757,welcome,10000,ss72,tt72,8906543678,8906543678,524305,banglore,ss2@gmail.com,789tyhufr,banglore,Innova
IQ10758,welcome,100000,ss73,tt73,8906543679,8906543679,897675,mumbai,ss1@gmail.com,io8965409,mumbai,Technova
IQ10760,welcome,90000,ss74,tt74,8907654326,8907654326,567890,pune,ss2@gmail.com,789tyhufr,pune,Prime
IQ10761,welcome,80000,ss75,tt75,7896543567,7896543567,789654,orrisa,ss1@gmail.com,io8965409,orrisa,Innova
IQ10762,welcome,10000,ss76,tt76,8975432457,8975432457,524305,banglore,ss2@gmail.com,789tyhufr,banglore,Technova
IQ10763,welcome,100000,ss77,tt77,8906543678,8906543678,897675,mumbai,ss1@gmail.com,io8965409,mumbai,Prime
IQ10764,welcome,90000,ss78,tt78,8906543679,8906543679,567890,pune,ss2@gmail.com,789tyhufr,pune,Innova
IQ10765,welcome,80000,ss79,tt79,8907654326,8907654326,789654,orrisa,ss1@gmail.com,io8965409,orrisa,Technova
IQ10766,welcome,10000,ss80,tt80,7896543567,7896543567,524305,banglore,ss2@gmail.com,789tyhufr,banglore,Prime
IQ10767,welcome,100000,ss81,tt81,8975432457,8975432457,897675,mumbai,ss1@gmail.com,io8965409,mumbai,Innova
IQ10768,welcome,90000,ss82,tt82,8906543678,8906543678,567890,pune,ss2@gmail.com,789tyhufr,pune,Technova
IQ10769,welcome,80000,ss83,tt83,8906543679,8906543679,789654,orrisa,ss1@gmail.com,io8965409,orrisa,Prime
IQ10770,welcome,10000,ss84,tt84,8907654326,8907654326,524305,banglore,ss2@gmail.com,789tyhufr,banglore,Innova
IQ10771,welcome,100000,ss85,tt85,7896543567,7896543567,897675,mumbai,ss1@gmail.com,io8965409,mumbai,Technova
IQ10772,welcome,90000,ss86,tt86,8975432457,8975432457,567890,pune,ss2@gmail.com,789tyhufr,pune,Prime
IQ10773,welcome,80000,ss87,tt87,8906543678,8906543678,789654,orrisa,ss1@gmail.com,io8965409,orrisa,Innova
IQ10774,welcome,10000,ss88,tt88,8906543679,8906543679,524305,banglore,ss2@gmail.com,789tyhufr,banglore,Technova
IQ10775,welcome,100000,ss89,tt89,8907654326,8907654326,897675,mumbai,ss1@gmail.com,io8965409,mumbai,Prime
IQ10776,welcome,90000,ss90,tt90,7896543567,7896543567,567890,pune,ss2@gmail.com,789tyhufr,pune,Innova
IQ10777,welcome,80000,ss91,tt91,8975432457,8975432457,789654,orrisa,ss1@gmail.com,io8965409,orrisa,Technova
IQ10778,welcome,10000,ss92,tt92,8906543678,8906543678,524305,banglore,ss2@gmail.com,789tyhufr,banglore,Prime
IQ10779,welcome,100000,ss93,tt93,8906543679,8906543679,897675,mumbai,ss1@gmail.com,io8965409,mumbai,Innova
IQ10780,welcome,90000,ss94,tt94,8907654326,8907654326,567890,pune,ss2@gmail.com,789tyhufr,pune,Technova
IQ10781,welcome,80000,ss95,tt95,7896543567,7896543567,789654,orrisa,ss1@gmail.com,io8965409,orrisa,Prime
IQ10782,welcome,10000,ss96,tt96,8975432457,8975432457,524305,banglore,ss2@gmail.com,789tyhufr,banglore,Innova
IQ10783,welcome,100000,ss97,tt97,8906543678,8906543678,897675,mumbai,ss1@gmail.com,io8965409,mumbai,Technova
IQ10784,welcome,90000,ss98,tt98,8906543679,8906543679,567890,pune,ss2@gmail.com,789tyhufr,pune,Prime
IQ10785,welcome,80000,ss99,tt99,8907654326,8907654326,789654,orrisa,ss1@gmail.com,io8965409,orrisa,Innova
IQ10786,welcome,10000,ss100,tt100,7896543567,7896543567,524305,banglore,ss2@gmail.com,789tyhufr,banglore,Technova
IQ10787,welcome,100000,ss101,tt101,8975432457,8975432457,897675,mumbai,ss1@gmail.com,io8965409,mumbai,Prime
IQ10788,welcome,90000,ss102,tt102,8906543678,8906543678,567890,pune,ss2@gmail.com,789tyhufr,pune,Innova
IQ10789,welcome,80000,ss103,tt103,8906543679,8906543679,789654,orrisa,ss1@gmail.com,io8965409,orrisa,Technova
IQ10790,welcome,10000,ss104,tt104,8907654326,8907654326,524305,banglore,ss2@gmail.com,789tyhufr,banglore,Prime
IQ10791,welcome,100000,ss105,tt105,7896543567,7896543567,897675,mumbai,ss1@gmail.com,io8965409,mumbai,Innova
IQ10792,welcome,90000,ss106,tt106,8975432457,8975432457,567890,pune,ss2@gmail.com,789tyhufr,pune,Technova
IQ10793,welcome,80000,ss107,tt107,8906543678,8906543678,789654,orrisa,ss1@gmail.com,io8965409,orrisa,Prime
IQ10794,welcome,10000,ss108,tt108,8906543679,8906543679,524305,banglore,ss2@gmail.com,789tyhufr,banglore,Innova
IQ10795,welcome,100000,ss109,tt109,8907654326,8907654326,897675,mumbai,ss1@gmail.com,io8965409,mumbai,Technova
IQ10796,welcome,90000,ss110,tt110,7896543567,7896543567,567890,pune,ss2@gmail.com,789tyhufr,pune,Prime
IQ10797,welcome,80000,ss111,tt111,8975432457,8975432457,789654,orrisa,ss1@gmail.com,io8965409,orrisa,Innova
IQ10798,welcome,10000,ss112,tt112,8906543678,8906543678,524305,banglore,ss2@gmail.com,789tyhufr,banglore,Technova
IQ10799,welcome,100000,ss113,tt113,8906543679,8906543679,897675,mumbai,ss1@gmail.com,io8965409,mumbai,Prime
IQ10800,welcome,90000,ss114,tt114,8907654326,8907654326,567890,pune,ss2@gmail.com,789tyhufr,pune,Innova
IQ10801,welcome,80000,ss115,tt115,7896543567,7896543567,789654,orrisa,ss1@gmail.com,io8965409,orrisa,Technova
IQ10802,welcome,10000,ss116,tt116,8975432457,8975432457,524305,banglore,ss2@gmail.com,789tyhufr,banglore,Prime
IQ10803,welcome,100000,ss117,tt117,8906543678,8906543678,897675,mumbai,ss1@gmail.com,io8965409,mumbai,Innova
IQ10804,welcome,90000,ss118,tt118,8906543679,8906543679,567890,pune,ss2@gmail.com,789tyhufr,pune,Technova
IQ10805,welcome,80000,ss119,tt119,8907654326,8907654326,789654,orrisa,ss1@gmail.com,io8965409,orrisa,Prime
IQ10806,welcome,10000,ss120,tt120,7896543567,7896543567,524305,banglore,ss2@gmail.com,789tyhufr,banglore,Innova
IQ10807,welcome,100000,ss121,tt121,8975432457,8975432457,897675,mumbai,ss1@gmail.com,io8965409,mumbai,Technova
IQ10808,welcome,90000,ss122,tt122,8906543678,8906543678,567890,pune,ss2@gmail.com,789tyhufr,pune,Prime
IQ10809,welcome,80000,ss123,tt123,8906543679,8906543679,789654,orrisa,ss1@gmail.com,io8965409,orrisa,Innova
IQ10810,welcome,10000,ss124,tt124,8907654326,8907654326,524305,banglore,ss2@gmail.com,789tyhufr,banglore,Technova
IQ10811,welcome,100000,ss125,tt125,7896543567,7896543567,897675,mumbai,ss1@gmail.com,io8965409,mumbai,Prime
IQ10812,welcome,90000,ss126,tt126,8975432457,8975432457,567890,pune,ss2@gmail.com,789tyhufr,pune,Innova
IQ10813,welcome,80000,ss127,tt127,8906543678,8906543678,789654,orrisa,ss1@gmail.com,io8965409,orrisa,Technova
IQ10814,welcome,10000,ss128,tt128,8906543679,8906543679,524305,banglore,ss2@gmail.com,789tyhufr,banglore,Prime
IQ10815,welcome,100000,ss129,tt129,8907654326,8907654326,897675,mumbai,ss1@gmail.com,io8965409,mumbai,Innova
IQ10816,welcome,90000,ss130,tt130,7896543567,7896543567,567890,pune,ss2@gmail.com,789tyhufr,pune,Technova
IQ10817,welcome,80000,ss131,tt131,8975432457,8975432457,789654,orrisa,ss1@gmail.com,io8965409,orrisa,Prime
IQ10818,welcome,10000,ss132,tt132,8906543678,8906543678,524305,banglore,ss2@gmail.com,789tyhufr,banglore,Innova
IQ10819,welcome,100000,ss133,tt133,8906543679,8906543679,897675,mumbai,ss1@gmail.com,io8965409,mumbai,Technova
IQ10820,welcome,90000,ss134,tt134,8907654326,8907654326,567890,pune,ss2@gmail.com,789tyhufr,pune,Prime
IQ10821,welcome,80000,ss135,tt135,7896543567,7896543567,789654,orrisa,ss1@gmail.com,io8965409,orrisa,Innova
IQ10822,welcome,10000,ss136,tt136,8975432457,8975432457,524305,banglore,ss2@gmail.com,789tyhufr,banglore,Technova
IQ10823,welcome,100000,ss137,tt137,8906543678,8906543678,897675,mumbai,ss1@gmail.com,io8965409,mumbai,Prime
IQ10824,welcome,90000,ss138,tt138,8906543679,8906543679,567890,pune,ss2@gmail.com,789tyhufr,pune,Innova
IQ10825,welcome,80000,ss139,tt139,8907654326,8907654326,789654,orrisa,ss1@gmail.com,io8965409,orrisa,Technova
IQ10826,welcome,10000,ss140,tt140,7896543567,7896543567,524305,banglore,ss2@gmail.com,789tyhufr,banglore,Prime
IQ10827,welcome,100000,ss141,tt141,8975432457,8975432457,897675,mumbai,ss1@gmail.com,io8965409,mumbai,Innova
IQ10828,welcome,90000,ss142,tt142,8906543678,8906543678,567890,pune,ss2@gmail.com,789tyhufr,pune,Technova
IQ10829,welcome,80000,ss143,tt143,8906543679,8906543679,789654,orrisa,ss1@gmail.com,io8965409,orrisa,Prime
IQ10830,welcome,10000,ss144,tt144,8907654326,8907654326,524305,banglore,ss2@gmail.com,789tyhufr,banglore,Innova
IQ10831,welcome,100000,ss145,tt145,7896543567,7896543567,897675,mumbai,ss1@gmail.com,io8965409,mumbai,Technova
IQ10832,welcome,90000,ss146,tt146,8975432457,8975432457,567890,pune,ss2@gmail.com,789tyhufr,pune,Prime
IQ10833,welcome,80000,ss147,tt147,8906543678,8906543678,789654,orrisa,ss1@gmail.com,io8965409,orrisa,Innova
IQ10834,welcome,10000,ss148,tt148,8906543679,8906543679,524305,banglore,ss2@gmail.com,789tyhufr,banglore,Technova
IQ10835,welcome,100000,ss149,tt149,8907654326,8907654326,897675,mumbai,ss1@gmail.com,io8965409,mumbai,Prime
IQ10836,welcome,90000,ss150,tt150,7896543567,7896543567,567890,pune,ss2@gmail.com,789tyhufr,pune,Innova
IQ10837,welcome,80000,ss151,tt151,8975432457,8975432457,789654,orrisa,ss1@gmail.com,io8965409,orrisa,Technova
IQ10838,welcome,10000,ss152,tt152,8906543678,8906543678,524305,banglore,ss2@gmail.com,789tyhufr,banglore,Prime
IQ10839,welcome,100000,ss153,tt153,8906543679,8906543679,897675,mumbai,ss1@gmail.com,io8965409,mumbai,Innova
IQ10840,welcome,90000,ss154,tt154,8907654326,8907654326,567890,pune,ss2@gmail.com,789tyhufr,pune,Technova
IQ10841,welcome,80000,ss155,tt155,7896543567,7896543567,789654,orrisa,ss1@gmail.com,io8965409,orrisa,Prime
IQ10842,welcome,10000,ss156,tt156,8975432457,8975432457,524305,banglore,ss2@gmail.com,789tyhufr,banglore,Innova
IQ10843,welcome,100000,ss157,tt157,8906543678,8906543678,897675,mumbai,ss1@gmail.com,io8965409,mumbai,Technova
IQ10844,welcome,90000,ss158,tt158,8906543679,8906543679,567890,pune,ss2@gmail.com,789tyhufr,pune,Prime
IQ10845,welcome,80000,ss159,tt159,8907654326,8907654326,789654,orrisa,ss1@gmail.com,io8965409,orrisa,Innova
IQ10846,welcome,10000,ss160,tt160,7896543567,7896543567,524305,banglore,ss2@gmail.com,789tyhufr,banglore,Technova
IQ10847,welcome,100000,ss161,tt161,8975432457,8975432457,897675,mumbai,ss1@gmail.com,io8965409,mumbai,Prime
IQ10848,welcome,90000,ss162,tt162,8906543678,8906543678,567890,pune,ss2@gmail.com,789tyhufr,pune,Innova
IQ10849,welcome,80000,ss163,tt163,8906543679,8906543679,789654,orrisa,ss1@gmail.com,io8965409,orrisa,Technova
IQ10850,welcome,10000,ss164,tt164,8907654326,8907654326,524305,banglore,ss2@gmail.com,789tyhufr,banglore,Prime
IQ10851,welcome,100000,ss165,tt165,7896543567,7896543567,897675,mumbai,ss1@gmail.com,io8965409,mumbai,Innova
IQ10852,welcome,90000,ss166,tt166,8975432457,8975432457,567890,pune,ss2@gmail.com,789tyhufr,pune,Technova
IQ10853,welcome,80000,ss167,tt167,8906543678,8906543678,789654,orrisa,ss1@gmail.com,io8965409,orrisa,Prime
IQ10854,welcome,10000,ss168,tt168,8906543679,8906543679,524305,banglore,ss2@gmail.com,789tyhufr,banglore,Innova
IQ10855,welcome,100000,ss169,tt169,8907654326,8907654326,897675,mumbai,ss1@gmail.com,io8965409,mumbai,Technova
IQ10856,welcome,90000,ss170,tt170,7896543567,7896543567,567890,pune,ss2@gmail.com,789tyhufr,pune,Prime
IQ10857,welcome,80000,ss171,tt171,8975432457,8975432457,789654,orrisa,ss1@gmail.com,io8965409,orrisa,Innova
IQ10858,welcome,10000,ss172,tt172,8906543678,8906543678,524305,banglore,ss2@gmail.com,789tyhufr,banglore,Technova
IQ10859,welcome,100000,ss173,tt173,8906543679,8906543679,897675,mumbai,ss1@gmail.com,io8965409,mumbai,Prime
IQ10860,welcome,90000,ss174,tt174,8907654326,8907654326,567890,pune,ss2@gmail.com,789tyhufr,pune,Innova
IQ10861,welcome,80000,ss175,tt175,7896543567,7896543567,789654,orrisa,ss1@gmail.com,io8965409,orrisa,Technova
IQ10862,welcome,10000,ss176,tt176,8975432457,8975432457,524305,banglore,ss2@gmail.com,789tyhufr,banglore,Prime
IQ10863,welcome,100000,ss177,tt177,8906543678,8906543678,897675,mumbai,ss1@gmail.com,io8965409,mumbai,Innova
IQ10865,welcome,90000,ss178,tt178,8906543679,8906543679,567890,pune,ss2@gmail.com,789tyhufr,pune,Technova
IQ10866,welcome,80000,ss179,tt179,8907654326,8907654326,789654,orrisa,ss1@gmail.com,io8965409,orrisa,Prime
IQ10867,welcome,10000,ss180,tt180,7896543567,7896543567,524305,banglore,ss2@gmail.com,789tyhufr,banglore,Innova
IQ10869,welcome,100000,ss181,tt181,8975432457,8975432457,897675,mumbai,ss1@gmail.com,io8965409,mumbai,Technova
IQ10871,welcome,90000,ss182,tt182,8906543678,8906543678,567890,pune,ss2@gmail.com,789tyhufr,pune,Prime
IQ10873,welcome,80000,ss183,tt183,8906543679,8906543679,789654,orrisa,ss1@gmail.com,io8965409,orrisa,Innova
IQ10874,welcome,10000,ss184,tt184,8907654326,8907654326,524305,banglore,ss2@gmail.com,789tyhufr,banglore,Technova
IQ10875,welcome,100000,ss185,tt185,7896543567,7896543567,897675,mumbai,ss1@gmail.com,io8965409,mumbai,Prime
IQ10876,welcome,90000,ss186,tt186,8975432457,8975432457,567890,pune,ss2@gmail.com,789tyhufr,pune,Innova
IQ10877,welcome,80000,ss187,tt187,8906543678,8906543678,789654,orrisa,ss1@gmail.com,io8965409,orrisa,Technova
IQ10878,welcome,10000,ss188,tt188,8906543679,8906543679,524305,banglore,ss2@gmail.com,789tyhufr,banglore,Prime
IQ10879,welcome,100000,ss189,tt189,8907654326,8907654326,897675,mumbai,ss1@gmail.com,io8965409,mumbai,Innova
IQ10880,welcome,90000,ss190,tt190,7896543567,7896543567,567890,pune,ss2@gmail.com,789tyhufr,pune,Technova
IQ10881,welcome,80000,ss191,tt191,8975432457,8975432457,789654,orrisa,ss1@gmail.com,io8965409,orrisa,Prime
IQ10882,welcome,10000,ss192,tt192,8906543678,8906543678,524305,banglore,ss2@gmail.com,789tyhufr,banglore,Innova
IQ10883,welcome,100000,ss193,tt193,8906543679,8906543679,897675,mumbai,ss1@gmail.com,io8965409,mumbai,Technova
IQ10884,welcome,90000,ss194,tt194,8907654326,8907654326,567890,pune,ss2@gmail.com,789tyhufr,pune,Prime
IQ10885,welcome,80000,ss195,tt195,7896543567,7896543567,789654,orrisa,ss1@gmail.com,io8965409,orrisa,Innova
IQ10886,welcome,10000,ss196,tt196,8975432457,8975432457,524305,banglore,ss2@gmail.com,789tyhufr,banglore,Technova
IQ10887,welcome,100000,ss197,tt197,8906543678,8906543678,897675,mumbai,ss1@gmail.com,io8965409,mumbai,Prime
IQ10888,welcome,90000,ss198,tt198,8906543679,8906543679,567890,pune,ss2@gmail.com,789tyhufr,pune,Innova
IQ10889,welcome,80000,ss199,tt199,8907654326,8907654326,789654,orrisa,ss1@gmail.com,io8965409,orrisa,Technova
IQ10890,welcome,10000,ss200,tt200,7896543567,7896543567,524305,banglore,ss2@gmail.com,789tyhufr,banglore,Prime
IQ10891,welcome,100000,ss201,tt201,8975432457,8975432457,897675,mumbai,ss1@gmail.com,io8965409,mumbai,Innova
IQ10892,welcome,90000,ss202,tt202,8906543678,8906543678,567890,pune,ss2@gmail.com,789tyhufr,pune,Technova
IQ10893,welcome,80000,ss203,tt203,8906543679,8906543679,789654,orrisa,ss1@gmail.com,io8965409,orrisa,Prime
IQ10894,welcome,10000,ss204,tt204,8907654326,8907654326,524305,banglore,ss2@gmail.com,789tyhufr,banglore,Innova
IQ10895,welcome,100000,ss205,tt205,7896543567,7896543567,897675,mumbai,ss1@gmail.com,io8965409,mumbai,Technova
IQ10896,welcome,90000,ss206,tt206,8975432457,8975432457,567890,pune,ss2@gmail.com,789tyhufr,pune,Prime
IQ10897,welcome,80000,ss207,tt207,8906543678,8906543678,789654,orrisa,ss1@gmail.com,io8965409,orrisa,Innova
IQ10898,welcome,10000,ss208,tt208,8906543679,8906543679,524305,banglore,ss2@gmail.com,789tyhufr,banglore,Technova
IQ10899,welcome,100000,ss209,tt209,8907654326,8907654326,897675,mumbai,ss1@gmail.com,io8965409,mumbai,Prime
IQ10900,welcome,90000,ss210,tt210,7896543567,7896543567,567890,pune,ss2@gmail.com,789tyhufr,pune,Innova
IQ10901,welcome,80000,ss211,tt211,8975432457,8975432457,789654,orrisa,ss1@gmail.com,io8965409,orrisa,Technova
IQ10902,welcome,10000,ss212,tt212,8906543678,8906543678,524305,banglore,ss2@gmail.com,789tyhufr,banglore,Prime
IQ10903,welcome,100000,ss213,tt213,8906543679,8906543679,897675,mumbai,ss1@gmail.com,io8965409,mumbai,Innova
IQ10904,welcome,90000,ss214,tt214,8907654326,8907654326,567890,pune,ss2@gmail.com,789tyhufr,pune,Technova
IQ10905,welcome,80000,ss215,tt215,7896543567,7896543567,789654,orrisa,ss1@gmail.com,io8965409,orrisa,Prime
IQ10906,welcome,10000,ss216,tt216,8975432457,8975432457,524305,banglore,ss2@gmail.com,789tyhufr,banglore,Innova
IQ10907,welcome,100000,ss217,tt217,8906543678,8906543678,897675,mumbai,ss1@gmail.com,io8965409,mumbai,Technova
IQ10908,welcome,90000,ss218,tt218,8906543679,8906543679,567890,pune,ss2@gmail.com,789tyhufr,pune,Prime
IQ10909,welcome,80000,ss219,tt219,8907654326,8907654326,789654,orrisa,ss1@gmail.com,io8965409,orrisa,Innova
IQ10910,welcome,10000,ss220,tt220,7896543567,7896543567,524305,banglore,ss2@gmail.com,789tyhufr,banglore,Technova
IQ10911,welcome,100000,ss221,tt221,8975432457,8975432457,897675,mumbai,ss1@gmail.com,io8965409,mumbai,Prime
IQ10912,welcome,90000,ss222,tt222,8906543678,8906543678,567890,pune,ss2@gmail.com,789tyhufr,pune,Innova
IQ10913,welcome,80000,ss223,tt223,8906543679,8906543679,789654,orrisa,ss1@gmail.com,io8965409,orrisa,Technova
IQ10914,welcome,10000,ss224,tt224,8907654326,8907654326,524305,banglore,ss2@gmail.com,789tyhufr,banglore,Prime
IQ10915,welcome,100000,ss225,tt225,7896543567,7896543567,897675,mumbai,ss1@gmail.com,io8965409,mumbai,Innova
IQ10916,welcome,90000,ss226,tt226,8975432457,8975432457,567890,pune,ss2@gmail.com,789tyhufr,pune,Technova
IQ10917,welcome,80000,ss227,tt227,8906543678,8906543678,789654,orrisa,ss1@gmail.com,io8965409,orrisa,Prime
IQ10918,welcome,10000,ss228,tt228,8906543679,8906543679,524305,banglore,ss2@gmail.com,789tyhufr,banglore,Innova
IQ10919,welcome,100000,ss229,tt229,8907654326,8907654326,897675,mumbai,ss1@gmail.com,io8965409,mumbai,Technova
IQ10920,welcome,90000,ss230,tt230,7896543567,7896543567,567890,pune,ss2@gmail.com,789tyhufr,pune,Prime
IQ10921,welcome,80000,ss231,tt231,8975432457,8975432457,789654,orrisa,ss1@gmail.com,io8965409,orrisa,Innova
IQ10922,welcome,10000,ss232,tt232,8906543678,8906543678,524305,banglore,ss2@gmail.com,789tyhufr,banglore,Technova
IQ10923,welcome,100000,ss233,tt233,8906543679,8906543679,897675,mumbai,ss1@gmail.com,io8965409,mumbai,Prime
IQ10924,welcome,90000,ss234,tt234,8907654326,8907654326,567890,pune,ss2@gmail.com,789tyhufr,pune,Innova
IQ10925,welcome,80000,ss235,tt235,7896543567,7896543567,789654,orrisa,ss1@gmail.com,io8965409,orrisa,Technova
IQ10926,welcome,10000,ss236,tt236,8975432457,8975432457,524305,banglore,ss2@gmail.com,789tyhufr,banglore,Prime
IQ10927,welcome,100000,ss237,tt237,8906543678,8906543678,897675,mumbai,ss1@gmail.com,io8965409,mumbai,Innova
IQ10928,welcome,90000,ss238,tt238,8906543679,8906543679,567890,pune,ss2@gmail.com,789tyhufr,pune,Technova
IQ10929,welcome,80000,ss239,tt239,8907654326,8907654326,789654,orrisa,ss1@gmail.com,io8965409,orrisa,Prime
IQ10930,welcome,10000,ss240,tt240,7896543567,7896543567,524305,banglore,ss2@gmail.com,789tyhufr,banglore,Innova
IQ10931,welcome,100000,ss241,tt241,8975432457,8975432457,897675,mumbai,ss1@gmail.com,io8965409,mumbai,Technova
IQ10932,welcome,90000,ss242,tt242,8906543678,8906543678,567890,pune,ss2@gmail.com,789tyhufr,pune,Prime
IQ10933,welcome,80000,ss243,tt243,8906543679,8906543679,789654,orrisa,ss1@gmail.com,io8965409,orrisa,Innova
IQ10934,welcome,10000,ss244,tt244,8907654326,8907654326,524305,banglore,ss2@gmail.com,789tyhufr,banglore,Technova
IQ10935,welcome,100000,ss245,tt245,7896543567,7896543567,897675,mumbai,ss1@gmail.com,io8965409,mumbai,Prime
IQ10936,welcome,90000,ss246,tt246,8975432457,8975432457,567890,pune,ss2@gmail.com,789tyhufr,pune,Innova
IQ10937,welcome,80000,ss247,tt247,8906543678,8906543678,789654,orrisa,ss1@gmail.com,io8965409,orrisa,Technova
IQ10938,welcome,10000,ss248,tt248,8906543679,8906543679,524305,banglore,ss2@gmail.com,789tyhufr,banglore,Prime
IQ10939,welcome,100000,ss249,tt249,8907654326,8907654326,897675,mumbai,ss1@gmail.com,io8965409,mumbai,Innova
IQ10940,welcome,90000,ss250,tt250,7896543567,7896543567,567890,pune,ss2@gmail.com,789tyhufr,pune,Technova
IQ10941,welcome,80000,ss251,tt251,8975432457,8975432457,789654,orrisa,ss1@gmail.com,io8965409,orrisa,Prime
IQ10942,welcome,10000,ss252,tt252,8906543678,8906543678,524305,banglore,ss2@gmail.com,789tyhufr,banglore,Innova
IQ10943,welcome,100000,ss253,tt253,8906543679,8906543679,897675,mumbai,ss1@gmail.com,io8965409,mumbai,Technova
IQ10944,welcome,90000,ss254,tt254,8907654326,8907654326,567890,pune,ss2@gmail.com,789tyhufr,pune,Prime
IQ10945,welcome,80000,ss255,tt255,7896543567,7896543567,789654,orrisa,ss1@gmail.com,io8965409,orrisa,Innova
IQ10946,welcome,10000,ss256,tt256,8975432457,8975432457,524305,banglore,ss2@gmail.com,789tyhufr,banglore,Technova
IQ10947,welcome,100000,ss257,tt257,8906543678,8906543678,897675,mumbai,ss1@gmail.com,io8965409,mumbai,Prime
IQ10948,welcome,90000,ss258,tt258,8906543679,8906543679,567890,pune,ss2@gmail.com,789tyhufr,pune,Innova
IQ10949,welcome,80000,ss259,tt259,8907654326,8907654326,789654,orrisa,ss1@gmail.com,io8965409,orrisa,Technova
IQ10950,welcome,10000,ss260,tt260,7896543567,7896543567,524305,banglore,ss2@gmail.com,789tyhufr,banglore,Prime
IQ10967,welcome,100000,ss261,tt261,8975432457,8975432457,897675,mumbai,ss1@gmail.com,io8965409,mumbai,Innova
IQ10968,welcome,90000,ss262,tt262,8906543678,8906543678,567890,pune,ss2@gmail.com,789tyhufr,pune,Technova
IQ10969,welcome,80000,ss263,tt263,8906543679,8906543679,789654,orrisa,ss1@gmail.com,io8965409,orrisa,Prime
IQ10970,welcome,10000,ss264,tt264,8907654326,8907654326,524305,banglore,ss2@gmail.com,789tyhufr,banglore,Innova
IQ10971,welcome,100000,ss265,tt265,7896543567,7896543567,897675,mumbai,ss1@gmail.com,io8965409,mumbai,Technova
IQ10972,welcome,90000,ss266,tt266,8975432457,8975432457,567890,pune,ss2@gmail.com,789tyhufr,pune,Prime
IQ10973,welcome,80000,ss267,tt267,8906543678,8906543678,789654,orrisa,ss1@gmail.com,io8965409,orrisa,Innova
IQ10974,welcome,10000,ss268,tt268,8906543679,8906543679,524305,banglore,ss2@gmail.com,789tyhufr,banglore,Technova
IQ10975,welcome,100000,ss269,tt269,8907654326,8907654326,897675,mumbai,ss1@gmail.com,io8965409,mumbai,Prime
IQ10976,welcome,90000,ss270,tt270,7896543567,7896543567,567890,pune,ss2@gmail.com,789tyhufr,pune,Innova
IQ10978,welcome,80000,ss271,tt271,8975432457,8975432457,789654,orrisa,ss1@gmail.com,io8965409,orrisa,Technova
IQ10980,welcome,10000,ss272,tt272,8906543678,8906543678,524305,banglore,ss2@gmail.com,789tyhufr,banglore,Prime
IQ10981,welcome,100000,ss273,tt273,8906543679,8906543679,897675,mumbai,ss1@gmail.com,io8965409,mumbai,Innova
IQ10982,welcome,90000,ss274,tt274,8907654326,8907654326,567890,pune,ss2@gmail.com,789tyhufr,pune,Technova
IQ10983,welcome,80000,ss275,tt275,7896543567,7896543567,789654,orrisa,ss1@gmail.com,io8965409,orrisa,Prime
IQ10985,welcome,10000,ss276,tt276,8975432457,8975432457,524305,banglore,ss2@gmail.com,789tyhufr,banglore,Innova
IQ10986,welcome,100000,ss277,tt277,8906543678,8906543678,897675,mumbai,ss1@gmail.com,io8965409,mumbai,Technova
IQ10987,welcome,90000,ss278,tt278,8906543679,8906543679,567890,pune,ss2@gmail.com,789tyhufr,pune,Prime
IQ10988,welcome,80000,ss279,tt279,8907654326,8907654326,789654,orrisa,ss1@gmail.com,io8965409,orrisa,Innova
IQ10990,welcome,10000,ss280,tt280,7896543567,7896543567,524305,banglore,ss2@gmail.com,789tyhufr,banglore,Technova
IQ10991,welcome,100000,ss281,tt281,8975432457,8975432457,897675,mumbai,ss1@gmail.com,io8965409,mumbai,Prime
IQ10992,welcome,90000,ss282,tt282,8906543678,8906543678,567890,pune,ss2@gmail.com,789tyhufr,pune,Innova
IQ10993,welcome,80000,ss283,tt283,8906543679,8906543679,789654,orrisa,ss1@gmail.com,io8965409,orrisa,Technova
IQ10994,welcome,10000,ss284,tt284,8907654326,8907654326,524305,banglore,ss2@gmail.com,789tyhufr,banglore,Prime
IQ10995,welcome,100000,ss285,tt285,7896543567,7896543567,897675,mumbai,ss1@gmail.com,io8965409,mumbai,Innova
IQ10997,welcome,90000,ss286,tt286,8975432457,8975432457,567890,pune,ss2@gmail.com,789tyhufr,pune,Technova
IQ10998,welcome,80000,ss287,tt287,8906543678,8906543678,789654,orrisa,ss1@gmail.com,io8965409,orrisa,Prime
IQ10999,welcome,10000,ss288,tt288,8906543679,8906543679,524305,banglore,ss2@gmail.com,789tyhufr,banglore,Innova
IQ11000,welcome,100000,ss289,tt289,8907654326,8907654326,897675,mumbai,ss1@gmail.com,io8965409,mumbai,Technova
IQ11001,welcome,90000,ss290,tt290,7896543567,7896543567,567890,pune,ss2@gmail.com,789tyhufr,pune,Prime
IQ11003,welcome,80000,ss291,tt291,8975432457,8975432457,789654,orrisa,ss1@gmail.com,io8965409,orrisa,Innova
IQ11004,welcome,10000,ss292,tt292,8906543678,8906543678,524305,banglore,ss2@gmail.com,789tyhufr,banglore,Technova
IQ11005,welcome,100000,ss293,tt293,8906543679,8906543679,897675,mumbai,ss1@gmail.com,io8965409,mumbai,Prime
IQ11006,welcome,90000,ss294,tt294,8907654326,8907654326,567890,pune,ss2@gmail.com,789tyhufr,pune,Innova
IQ11007,welcome,80000,ss295,tt295,7896543567,7896543567,789654,orrisa,ss1@gmail.com,io8965409,orrisa,Technova
IQ11008,welcome,10000,ss296,tt296,8975432457,8975432457,524305,banglore,ss2@gmail.com,789tyhufr,banglore,Prime
IQ11009,welcome,100000,ss297,tt297,8906543678,8906543678,897675,mumbai,ss1@gmail.com,io8965409,mumbai,Innova
IQ11010,welcome,90000,ss298,tt298,8906543679,8906543679,567890,pune,ss2@gmail.com,789tyhufr,pune,Technova
IQ11011,welcome,80000,ss299,tt299,8907654326,8907654326,789654,orrisa,ss1@gmail.com,io8965409,orrisa,Prime
