P_AccountNumber,P_Password,P_FirstName,P_LastName,P_PhoneNumber,P_Mobile,P_Pincode,P_OfficeAddress,P_Email,P_PAN,P_CurrentAddress,P_Nameofcompany
IQ11247,welcome,ss,tt,7896543567,7896543567,524305,banglore,ss@gmail.com,789tyhufr,banglore,Innova
IQ11250,welcome,ss1,tt1,8975432457,8975432457,897675,mumbai,ss1@gmail.com,io8965409,mumbai,Technova
IQ11252,welcome,ss2,tt2,8906543678,8906543678,567890,pune,ss2@gmail.com,789tyhufr,pune,Prime
IQ11255,welcome,ss3,tt3,8906543679,8906543679,789654,orrisa,ss1@gmail.com,io8965409,orrisa,Innova
IQ11257,welcome,ss4,tt4,8907654326,8907654326,524305,banglore,ss2@gmail.com,789tyhufr,banglore,Technova
IQ11259,welcome,ss5,tt5,7896543567,7896543567,897675,mumbai,ss1@gmail.com,io8965409,mumbai,Prime
IQ11261,welcome,ss6,tt6,8975432457,8975432457,567890,pune,ss2@gmail.com,789tyhufr,pune,Innova
IQ11262,welcome,ss7,tt7,8906543678,8906543678,789654,orrisa,ss1@gmail.com,io8965409,orrisa,Technova
IQ11263,welcome,ss8,tt8,8906543679,8906543679,524305,banglore,ss2@gmail.com,789tyhufr,banglore,Prime
IQ11264,welcome,ss9,tt9,8907654326,8907654326,897675,mumbai,ss1@gmail.com,io8965409,mumbai,Innova
IQ11266,welcome,ss10,tt10,7896543567,7896543567,567890,pune,ss2@gmail.com,789tyhufr,pune,Technova
IQ11268,welcome,ss11,tt11,8975432457,8975432457,789654,orrisa,ss1@gmail.com,io8965409,orrisa,Prime
IQ11271,welcome,ss12,tt12,8906543678,8906543678,524305,banglore,ss2@gmail.com,789tyhufr,banglore,Innova
IQ11274,welcome,ss13,tt13,8906543679,8906543679,897675,mumbai,ss1@gmail.com,io8965409,mumbai,Technova
IQ11276,welcome,ss14,tt14,8907654326,8907654326,567890,pune,ss2@gmail.com,789tyhufr,pune,Prime
IQ11279,welcome,ss15,tt15,7896543567,7896543567,789654,orrisa,ss1@gmail.com,io8965409,orrisa,Innova
IQ11281,welcome,ss16,tt16,8975432457,8975432457,524305,banglore,ss2@gmail.com,789tyhufr,banglore,Technova
IQ11284,welcome,ss17,tt17,8906543678,8906543678,897675,mumbai,ss1@gmail.com,io8965409,mumbai,Prime
IQ11286,welcome,ss18,tt18,8906543679,8906543679,567890,pune,ss2@gmail.com,789tyhufr,pune,Innova
IQ11289,welcome,ss19,tt19,8907654326,8907654326,789654,orrisa,ss1@gmail.com,io8965409,orrisa,Technova
IQ11291,welcome,ss20,tt20,7896543567,7896543567,524305,banglore,ss2@gmail.com,789tyhufr,banglore,Prime
IQ11294,welcome,ss21,tt21,8975432457,8975432457,897675,mumbai,ss1@gmail.com,io8965409,mumbai,Innova
IQ11296,welcome,ss22,tt22,8906543678,8906543678,567890,pune,ss2@gmail.com,789tyhufr,pune,Technova
IQ11299,welcome,ss23,tt23,8906543679,8906543679,789654,orrisa,ss1@gmail.com,io8965409,orrisa,Prime
IQ11301,welcome,ss24,tt24,8907654326,8907654326,524305,banglore,ss2@gmail.com,789tyhufr,banglore,Innova
IQ11302,welcome,ss25,tt25,7896543567,7896543567,897675,mumbai,ss1@gmail.com,io8965409,mumbai,Technova
IQ10707,welcome,ss26,tt26,8975432457,8975432457,567890,pune,ss2@gmail.com,789tyhufr,pune,Prime
IQ10708,welcome,ss27,tt27,8906543678,8906543678,789654,orrisa,ss1@gmail.com,io8965409,orrisa,Innova
IQ10709,welcome,ss28,tt28,8906543679,8906543679,524305,banglore,ss2@gmail.com,789tyhufr,banglore,Technova
IQ10710,welcome,ss29,tt29,8907654326,8907654326,897675,mumbai,ss1@gmail.com,io8965409,mumbai,Prime
IQ10711,welcome,ss30,tt30,7896543567,7896543567,567890,pune,ss2@gmail.com,789tyhufr,pune,Innova
IQ10712,welcome,ss31,tt31,8975432457,8975432457,789654,orrisa,ss1@gmail.com,io8965409,orrisa,Technova
IQ10713,welcome,ss32,tt32,8906543678,8906543678,524305,banglore,ss2@gmail.com,789tyhufr,banglore,Prime
IQ10714,welcome,ss33,tt33,8906543679,8906543679,897675,mumbai,ss1@gmail.com,io8965409,mumbai,Innova
IQ10715,welcome,ss34,tt34,8907654326,8907654326,567890,pune,ss2@gmail.com,789tyhufr,pune,Technova
IQ10716,welcome,ss35,tt35,7896543567,7896543567,789654,orrisa,ss1@gmail.com,io8965409,orrisa,Prime
IQ10717,welcome,ss36,tt36,8975432457,8975432457,524305,banglore,ss2@gmail.com,789tyhufr,banglore,Innova
IQ10718,welcome,ss37,tt37,8906543678,8906543678,897675,mumbai,ss1@gmail.com,io8965409,mumbai,Technova
IQ10719,welcome,ss38,tt38,8906543679,8906543679,567890,pune,ss2@gmail.com,789tyhufr,pune,Prime
IQ10720,welcome,ss39,tt39,8907654326,8907654326,789654,orrisa,ss1@gmail.com,io8965409,orrisa,Innova
IQ10721,welcome,ss40,tt40,7896543567,7896543567,524305,banglore,ss2@gmail.com,789tyhufr,banglore,Technova
IQ10722,welcome,ss41,tt41,8975432457,8975432457,897675,mumbai,ss1@gmail.com,io8965409,mumbai,Prime
IQ10723,welcome,ss42,tt42,8906543678,8906543678,567890,pune,ss2@gmail.com,789tyhufr,pune,Innova
IQ10724,welcome,ss43,tt43,8906543679,8906543679,789654,orrisa,ss1@gmail.com,io8965409,orrisa,Technova
IQ10725,welcome,ss44,tt44,8907654326,8907654326,524305,banglore,ss2@gmail.com,789tyhufr,banglore,Prime
IQ10726,welcome,ss45,tt45,7896543567,7896543567,897675,mumbai,ss1@gmail.com,io8965409,mumbai,Innova
IQ10727,welcome,ss46,tt46,8975432457,8975432457,567890,pune,ss2@gmail.com,789tyhufr,pune,Technova
IQ10728,welcome,ss47,tt47,8906543678,8906543678,789654,orrisa,ss1@gmail.com,io8965409,orrisa,Prime
IQ10729,welcome,ss48,tt48,8906543679,8906543679,524305,banglore,ss2@gmail.com,789tyhufr,banglore,Innova
IQ10730,welcome,ss49,tt49,8907654326,8907654326,897675,mumbai,ss1@gmail.com,io8965409,mumbai,Technova
IQ10731,welcome,ss50,tt50,7896543567,7896543567,567890,pune,ss2@gmail.com,789tyhufr,pune,Prime
IQ10732,welcome,ss51,tt51,8975432457,8975432457,789654,orrisa,ss1@gmail.com,io8965409,orrisa,Innova
IQ10733,welcome,ss52,tt52,8906543678,8906543678,524305,banglore,ss2@gmail.com,789tyhufr,banglore,Technova
IQ10734,welcome,ss53,tt53,8906543679,8906543679,897675,mumbai,ss1@gmail.com,io8965409,mumbai,Prime
IQ10735,welcome,ss54,tt54,8907654326,8907654326,567890,pune,ss2@gmail.com,789tyhufr,pune,Innova
IQ10736,welcome,ss55,tt55,7896543567,7896543567,789654,orrisa,ss1@gmail.com,io8965409,orrisa,Technova
IQ10737,welcome,ss56,tt56,8975432457,8975432457,524305,banglore,ss2@gmail.com,789tyhufr,banglore,Prime
IQ10738,welcome,ss57,tt57,8906543678,8906543678,897675,mumbai,ss1@gmail.com,io8965409,mumbai,Innova
IQ10739,welcome,ss58,tt58,8906543679,8906543679,567890,pune,ss2@gmail.com,789tyhufr,pune,Technova
IQ10740,welcome,ss59,tt59,8907654326,8907654326,789654,orrisa,ss1@gmail.com,io8965409,orrisa,Prime
IQ10741,welcome,ss60,tt60,7896543567,7896543567,524305,banglore,ss2@gmail.com,789tyhufr,banglore,Innova
IQ10742,welcome,ss61,tt61,8975432457,8975432457,897675,mumbai,ss1@gmail.com,io8965409,mumbai,Technova
IQ10743,welcome,ss62,tt62,8906543678,8906543678,567890,pune,ss2@gmail.com,789tyhufr,pune,Prime
IQ10744,welcome,ss63,tt63,8906543679,8906543679,789654,orrisa,ss1@gmail.com,io8965409,orrisa,Innova
IQ10745,welcome,ss64,tt64,8907654326,8907654326,524305,banglore,ss2@gmail.com,789tyhufr,banglore,Technova
IQ10746,welcome,ss65,tt65,7896543567,7896543567,897675,mumbai,ss1@gmail.com,io8965409,mumbai,Prime
IQ10748,welcome,ss66,tt66,8975432457,8975432457,567890,pune,ss2@gmail.com,789tyhufr,pune,Innova
IQ10750,welcome,ss67,tt67,8906543678,8906543678,789654,orrisa,ss1@gmail.com,io8965409,orrisa,Technova
IQ10751,welcome,ss68,tt68,8906543679,8906543679,524305,banglore,ss2@gmail.com,789tyhufr,banglore,Prime
IQ10753,welcome,ss69,tt69,8907654326,8907654326,897675,mumbai,ss1@gmail.com,io8965409,mumbai,Innova
IQ10754,welcome,ss70,tt70,7896543567,7896543567,567890,pune,ss2@gmail.com,789tyhufr,pune,Technova
IQ10755,welcome,ss71,tt71,8975432457,8975432457,789654,orrisa,ss1@gmail.com,io8965409,orrisa,Prime
IQ10757,welcome,ss72,tt72,8906543678,8906543678,524305,banglore,ss2@gmail.com,789tyhufr,banglore,Innova
IQ10758,welcome,ss73,tt73,8906543679,8906543679,897675,mumbai,ss1@gmail.com,io8965409,mumbai,Technova
IQ10760,welcome,ss74,tt74,8907654326,8907654326,567890,pune,ss2@gmail.com,789tyhufr,pune,Prime
IQ10761,welcome,ss75,tt75,7896543567,7896543567,789654,orrisa,ss1@gmail.com,io8965409,orrisa,Innova
IQ10762,welcome,ss76,tt76,8975432457,8975432457,524305,banglore,ss2@gmail.com,789tyhufr,banglore,Technova
IQ10763,welcome,ss77,tt77,8906543678,8906543678,897675,mumbai,ss1@gmail.com,io8965409,mumbai,Prime
IQ10764,welcome,ss78,tt78,8906543679,8906543679,567890,pune,ss2@gmail.com,789tyhufr,pune,Innova
IQ10765,welcome,ss79,tt79,8907654326,8907654326,789654,orrisa,ss1@gmail.com,io8965409,orrisa,Technova
IQ10766,welcome,ss80,tt80,7896543567,7896543567,524305,banglore,ss2@gmail.com,789tyhufr,banglore,Prime
IQ10767,welcome,ss81,tt81,8975432457,8975432457,897675,mumbai,ss1@gmail.com,io8965409,mumbai,Innova
IQ10768,welcome,ss82,tt82,8906543678,8906543678,567890,pune,ss2@gmail.com,789tyhufr,pune,Technova
IQ10769,welcome,ss83,tt83,8906543679,8906543679,789654,orrisa,ss1@gmail.com,io8965409,orrisa,Prime
IQ10770,welcome,ss84,tt84,8907654326,8907654326,524305,banglore,ss2@gmail.com,789tyhufr,banglore,Innova
IQ10771,welcome,ss85,tt85,7896543567,7896543567,897675,mumbai,ss1@gmail.com,io8965409,mumbai,Technova
IQ10772,welcome,ss86,tt86,8975432457,8975432457,567890,pune,ss2@gmail.com,789tyhufr,pune,Prime
IQ10773,welcome,ss87,tt87,8906543678,8906543678,789654,orrisa,ss1@gmail.com,io8965409,orrisa,Innova
IQ10774,welcome,ss88,tt88,8906543679,8906543679,524305,banglore,ss2@gmail.com,789tyhufr,banglore,Technova
IQ10775,welcome,ss89,tt89,8907654326,8907654326,897675,mumbai,ss1@gmail.com,io8965409,mumbai,Prime
IQ10776,welcome,ss90,tt90,7896543567,7896543567,567890,pune,ss2@gmail.com,789tyhufr,pune,Innova
IQ10777,welcome,ss91,tt91,8975432457,8975432457,789654,orrisa,ss1@gmail.com,io8965409,orrisa,Technova
IQ10778,welcome,ss92,tt92,8906543678,8906543678,524305,banglore,ss2@gmail.com,789tyhufr,banglore,Prime
IQ10779,welcome,ss93,tt93,8906543679,8906543679,897675,mumbai,ss1@gmail.com,io8965409,mumbai,Innova
IQ10780,welcome,ss94,tt94,8907654326,8907654326,567890,pune,ss2@gmail.com,789tyhufr,pune,Technova
IQ10781,welcome,ss95,tt95,7896543567,7896543567,789654,orrisa,ss1@gmail.com,io8965409,orrisa,Prime
IQ10782,welcome,ss96,tt96,8975432457,8975432457,524305,banglore,ss2@gmail.com,789tyhufr,banglore,Innova
IQ10783,welcome,ss97,tt97,8906543678,8906543678,897675,mumbai,ss1@gmail.com,io8965409,mumbai,Technova
IQ10784,welcome,ss98,tt98,8906543679,8906543679,567890,pune,ss2@gmail.com,789tyhufr,pune,Prime
IQ10785,welcome,ss99,tt99,8907654326,8907654326,789654,orrisa,ss1@gmail.com,io8965409,orrisa,Innova
IQ10786,welcome,ss100,tt100,7896543567,7896543567,524305,banglore,ss2@gmail.com,789tyhufr,banglore,Technova
IQ10787,welcome,ss101,tt101,8975432457,8975432457,897675,mumbai,ss1@gmail.com,io8965409,mumbai,Prime
IQ10788,welcome,ss102,tt102,8906543678,8906543678,567890,pune,ss2@gmail.com,789tyhufr,pune,Innova
IQ10789,welcome,ss103,tt103,8906543679,8906543679,789654,orrisa,ss1@gmail.com,io8965409,orrisa,Technova
IQ10790,welcome,ss104,tt104,8907654326,8907654326,524305,banglore,ss2@gmail.com,789tyhufr,banglore,Prime
IQ10791,welcome,ss105,tt105,7896543567,7896543567,897675,mumbai,ss1@gmail.com,io8965409,mumbai,Innova
IQ10792,welcome,ss106,tt106,8975432457,8975432457,567890,pune,ss2@gmail.com,789tyhufr,pune,Technova
IQ10793,welcome,ss107,tt107,8906543678,8906543678,789654,orrisa,ss1@gmail.com,io8965409,orrisa,Prime
IQ10794,welcome,ss108,tt108,8906543679,8906543679,524305,banglore,ss2@gmail.com,789tyhufr,banglore,Innova
IQ10795,welcome,ss109,tt109,8907654326,8907654326,897675,mumbai,ss1@gmail.com,io8965409,mumbai,Technova
IQ10796,welcome,ss110,tt110,7896543567,7896543567,567890,pune,ss2@gmail.com,789tyhufr,pune,Prime
IQ10797,welcome,ss111,tt111,8975432457,8975432457,789654,orrisa,ss1@gmail.com,io8965409,orrisa,Innova
IQ10798,welcome,ss112,tt112,8906543678,8906543678,524305,banglore,ss2@gmail.com,789tyhufr,banglore,Technova
IQ10799,welcome,ss113,tt113,8906543679,8906543679,897675,mumbai,ss1@gmail.com,io8965409,mumbai,Prime
IQ10800,welcome,ss114,tt114,8907654326,8907654326,567890,pune,ss2@gmail.com,789tyhufr,pune,Innova
IQ10801,welcome,ss115,tt115,7896543567,7896543567,789654,orrisa,ss1@gmail.com,io8965409,orrisa,Technova
IQ10802,welcome,ss116,tt116,8975432457,8975432457,524305,banglore,ss2@gmail.com,789tyhufr,banglore,Prime
IQ10803,welcome,ss117,tt117,8906543678,8906543678,897675,mumbai,ss1@gmail.com,io8965409,mumbai,Innova
IQ10804,welcome,ss118,tt118,8906543679,8906543679,567890,pune,ss2@gmail.com,789tyhufr,pune,Technova
IQ10805,welcome,ss119,tt119,8907654326,8907654326,789654,orrisa,ss1@gmail.com,io8965409,orrisa,Prime
IQ10806,welcome,ss120,tt120,7896543567,7896543567,524305,banglore,ss2@gmail.com,789tyhufr,banglore,Innova
IQ10807,welcome,ss121,tt121,8975432457,8975432457,897675,mumbai,ss1@gmail.com,io8965409,mumbai,Technova
IQ10808,welcome,ss122,tt122,8906543678,8906543678,567890,pune,ss2@gmail.com,789tyhufr,pune,Prime
IQ10809,welcome,ss123,tt123,8906543679,8906543679,789654,orrisa,ss1@gmail.com,io8965409,orrisa,Innova
IQ10810,welcome,ss124,tt124,8907654326,8907654326,524305,banglore,ss2@gmail.com,789tyhufr,banglore,Technova
IQ10811,welcome,ss125,tt125,7896543567,7896543567,897675,mumbai,ss1@gmail.com,io8965409,mumbai,Prime
IQ10812,welcome,ss126,tt126,8975432457,8975432457,567890,pune,ss2@gmail.com,789tyhufr,pune,Innova
IQ10813,welcome,ss127,tt127,8906543678,8906543678,789654,orrisa,ss1@gmail.com,io8965409,orrisa,Technova
IQ10814,welcome,ss128,tt128,8906543679,8906543679,524305,banglore,ss2@gmail.com,789tyhufr,banglore,Prime
IQ10815,welcome,ss129,tt129,8907654326,8907654326,897675,mumbai,ss1@gmail.com,io8965409,mumbai,Innova
IQ10816,welcome,ss130,tt130,7896543567,7896543567,567890,pune,ss2@gmail.com,789tyhufr,pune,Technova
IQ10817,welcome,ss131,tt131,8975432457,8975432457,789654,orrisa,ss1@gmail.com,io8965409,orrisa,Prime
IQ10818,welcome,ss132,tt132,8906543678,8906543678,524305,banglore,ss2@gmail.com,789tyhufr,banglore,Innova
IQ10819,welcome,ss133,tt133,8906543679,8906543679,897675,mumbai,ss1@gmail.com,io8965409,mumbai,Technova
IQ10820,welcome,ss134,tt134,8907654326,8907654326,567890,pune,ss2@gmail.com,789tyhufr,pune,Prime
IQ10821,welcome,ss135,tt135,7896543567,7896543567,789654,orrisa,ss1@gmail.com,io8965409,orrisa,Innova
IQ10822,welcome,ss136,tt136,8975432457,8975432457,524305,banglore,ss2@gmail.com,789tyhufr,banglore,Technova
IQ10823,welcome,ss137,tt137,8906543678,8906543678,897675,mumbai,ss1@gmail.com,io8965409,mumbai,Prime
IQ10824,welcome,ss138,tt138,8906543679,8906543679,567890,pune,ss2@gmail.com,789tyhufr,pune,Innova
IQ10825,welcome,ss139,tt139,8907654326,8907654326,789654,orrisa,ss1@gmail.com,io8965409,orrisa,Technova
IQ10826,welcome,ss140,tt140,7896543567,7896543567,524305,banglore,ss2@gmail.com,789tyhufr,banglore,Prime
IQ10827,welcome,ss141,tt141,8975432457,8975432457,897675,mumbai,ss1@gmail.com,io8965409,mumbai,Innova
IQ10828,welcome,ss142,tt142,8906543678,8906543678,567890,pune,ss2@gmail.com,789tyhufr,pune,Technova
IQ10829,welcome,ss143,tt143,8906543679,8906543679,789654,orrisa,ss1@gmail.com,io8965409,orrisa,Prime
IQ10830,welcome,ss144,tt144,8907654326,8907654326,524305,banglore,ss2@gmail.com,789tyhufr,banglore,Innova
IQ10831,welcome,ss145,tt145,7896543567,7896543567,897675,mumbai,ss1@gmail.com,io8965409,mumbai,Technova
IQ10832,welcome,ss146,tt146,8975432457,8975432457,567890,pune,ss2@gmail.com,789tyhufr,pune,Prime
IQ10833,welcome,ss147,tt147,8906543678,8906543678,789654,orrisa,ss1@gmail.com,io8965409,orrisa,Innova
IQ10834,welcome,ss148,tt148,8906543679,8906543679,524305,banglore,ss2@gmail.com,789tyhufr,banglore,Technova
IQ10835,welcome,ss149,tt149,8907654326,8907654326,897675,mumbai,ss1@gmail.com,io8965409,mumbai,Prime
IQ10836,welcome,ss150,tt150,7896543567,7896543567,567890,pune,ss2@gmail.com,789tyhufr,pune,Innova
IQ10837,welcome,ss151,tt151,8975432457,8975432457,789654,orrisa,ss1@gmail.com,io8965409,orrisa,Technova
IQ10838,welcome,ss152,tt152,8906543678,8906543678,524305,banglore,ss2@gmail.com,789tyhufr,banglore,Prime
IQ10839,welcome,ss153,tt153,8906543679,8906543679,897675,mumbai,ss1@gmail.com,io8965409,mumbai,Innova
IQ10840,welcome,ss154,tt154,8907654326,8907654326,567890,pune,ss2@gmail.com,789tyhufr,pune,Technova
IQ10841,welcome,ss155,tt155,7896543567,7896543567,789654,orrisa,ss1@gmail.com,io8965409,orrisa,Prime
IQ10842,welcome,ss156,tt156,8975432457,8975432457,524305,banglore,ss2@gmail.com,789tyhufr,banglore,Innova
IQ10843,welcome,ss157,tt157,8906543678,8906543678,897675,mumbai,ss1@gmail.com,io8965409,mumbai,Technova
IQ10844,welcome,ss158,tt158,8906543679,8906543679,567890,pune,ss2@gmail.com,789tyhufr,pune,Prime
IQ10845,welcome,ss159,tt159,8907654326,8907654326,789654,orrisa,ss1@gmail.com,io8965409,orrisa,Innova
IQ10846,welcome,ss160,tt160,7896543567,7896543567,524305,banglore,ss2@gmail.com,789tyhufr,banglore,Technova
IQ10847,welcome,ss161,tt161,8975432457,8975432457,897675,mumbai,ss1@gmail.com,io8965409,mumbai,Prime
IQ10848,welcome,ss162,tt162,8906543678,8906543678,567890,pune,ss2@gmail.com,789tyhufr,pune,Innova
IQ10849,welcome,ss163,tt163,8906543679,8906543679,789654,orrisa,ss1@gmail.com,io8965409,orrisa,Technova
IQ10850,welcome,ss164,tt164,8907654326,8907654326,524305,banglore,ss2@gmail.com,789tyhufr,banglore,Prime
IQ10851,welcome,ss165,tt165,7896543567,7896543567,897675,mumbai,ss1@gmail.com,io8965409,mumbai,Innova
IQ10852,welcome,ss166,tt166,8975432457,8975432457,567890,pune,ss2@gmail.com,789tyhufr,pune,Technova
IQ10853,welcome,ss167,tt167,8906543678,8906543678,789654,orrisa,ss1@gmail.com,io8965409,orrisa,Prime
IQ10854,welcome,ss168,tt168,8906543679,8906543679,524305,banglore,ss2@gmail.com,789tyhufr,banglore,Innova
IQ10855,welcome,ss169,tt169,8907654326,8907654326,897675,mumbai,ss1@gmail.com,io8965409,mumbai,Technova
IQ10856,welcome,ss170,tt170,7896543567,7896543567,567890,pune,ss2@gmail.com,789tyhufr,pune,Prime
IQ10857,welcome,ss171,tt171,8975432457,8975432457,789654,orrisa,ss1@gmail.com,io8965409,orrisa,Innova
IQ10858,welcome,ss172,tt172,8906543678,8906543678,524305,banglore,ss2@gmail.com,789tyhufr,banglore,Technova
IQ10859,welcome,ss173,tt173,8906543679,8906543679,897675,mumbai,ss1@gmail.com,io8965409,mumbai,Prime
IQ10860,welcome,ss174,tt174,8907654326,8907654326,567890,pune,ss2@gmail.com,789tyhufr,pune,Innova
IQ10861,welcome,ss175,tt175,7896543567,7896543567,789654,orrisa,ss1@gmail.com,io8965409,orrisa,Technova
IQ10862,welcome,ss176,tt176,8975432457,8975432457,524305,banglore,ss2@gmail.com,789tyhufr,banglore,Prime
IQ10863,welcome,ss177,tt177,8906543678,8906543678,897675,mumbai,ss1@gmail.com,io8965409,mumbai,Innova
IQ10865,welcome,ss178,tt178,8906543679,8906543679,567890,pune,ss2@gmail.com,789tyhufr,pune,Technova
IQ10866,welcome,ss179,tt179,8907654326,8907654326,789654,orrisa,ss1@gmail.com,io8965409,orrisa,Prime
IQ10867,welcome,ss180,tt180,7896543567,7896543567,524305,banglore,ss2@gmail.com,789tyhufr,banglore,Innova
IQ10869,welcome,ss181,tt181,8975432457,8975432457,897675,mumbai,ss1@gmail.com,io8965409,mumbai,Technova
IQ10871,welcome,ss182,tt182,8906543678,8906543678,567890,pune,ss2@gmail.com,789tyhufr,pune,Prime
IQ10873,welcome,ss183,tt183,8906543679,8906543679,789654,orrisa,ss1@gmail.com,io8965409,orrisa,Innova
IQ10874,welcome,ss184,tt184,8907654326,8907654326,524305,banglore,ss2@gmail.com,789tyhufr,banglore,Technova
IQ10875,welcome,ss185,tt185,7896543567,7896543567,897675,mumbai,ss1@gmail.com,io8965409,mumbai,Prime
IQ10876,welcome,ss186,tt186,8975432457,8975432457,567890,pune,ss2@gmail.com,789tyhufr,pune,Innova
IQ10877,welcome,ss187,tt187,8906543678,8906543678,789654,orrisa,ss1@gmail.com,io8965409,orrisa,Technova
IQ10878,welcome,ss188,tt188,8906543679,8906543679,524305,banglore,ss2@gmail.com,789tyhufr,banglore,Prime
IQ10879,welcome,ss189,tt189,8907654326,8907654326,897675,mumbai,ss1@gmail.com,io8965409,mumbai,Innova
IQ10880,welcome,ss190,tt190,7896543567,7896543567,567890,pune,ss2@gmail.com,789tyhufr,pune,Technova
IQ10881,welcome,ss191,tt191,8975432457,8975432457,789654,orrisa,ss1@gmail.com,io8965409,orrisa,Prime
IQ10882,welcome,ss192,tt192,8906543678,8906543678,524305,banglore,ss2@gmail.com,789tyhufr,banglore,Innova
IQ10883,welcome,ss193,tt193,8906543679,8906543679,897675,mumbai,ss1@gmail.com,io8965409,mumbai,Technova
IQ10884,welcome,ss194,tt194,8907654326,8907654326,567890,pune,ss2@gmail.com,789tyhufr,pune,Prime
IQ10885,welcome,ss195,tt195,7896543567,7896543567,789654,orrisa,ss1@gmail.com,io8965409,orrisa,Innova
IQ10886,welcome,ss196,tt196,8975432457,8975432457,524305,banglore,ss2@gmail.com,789tyhufr,banglore,Technova
IQ10887,welcome,ss197,tt197,8906543678,8906543678,897675,mumbai,ss1@gmail.com,io8965409,mumbai,Prime
IQ10888,welcome,ss198,tt198,8906543679,8906543679,567890,pune,ss2@gmail.com,789tyhufr,pune,Innova
IQ10889,welcome,ss199,tt199,8907654326,8907654326,789654,orrisa,ss1@gmail.com,io8965409,orrisa,Technova
IQ10890,welcome,ss200,tt200,7896543567,7896543567,524305,banglore,ss2@gmail.com,789tyhufr,banglore,Prime
IQ10891,welcome,ss201,tt201,8975432457,8975432457,897675,mumbai,ss1@gmail.com,io8965409,mumbai,Innova
IQ10892,welcome,ss202,tt202,8906543678,8906543678,567890,pune,ss2@gmail.com,789tyhufr,pune,Technova
IQ10893,welcome,ss203,tt203,8906543679,8906543679,789654,orrisa,ss1@gmail.com,io8965409,orrisa,Prime
IQ10894,welcome,ss204,tt204,8907654326,8907654326,524305,banglore,ss2@gmail.com,789tyhufr,banglore,Innova
IQ10895,welcome,ss205,tt205,7896543567,7896543567,897675,mumbai,ss1@gmail.com,io8965409,mumbai,Technova
IQ10896,welcome,ss206,tt206,8975432457,8975432457,567890,pune,ss2@gmail.com,789tyhufr,pune,Prime
IQ10897,welcome,ss207,tt207,8906543678,8906543678,789654,orrisa,ss1@gmail.com,io8965409,orrisa,Innova
IQ10898,welcome,ss208,tt208,8906543679,8906543679,524305,banglore,ss2@gmail.com,789tyhufr,banglore,Technova
IQ10899,welcome,ss209,tt209,8907654326,8907654326,897675,mumbai,ss1@gmail.com,io8965409,mumbai,Prime
IQ10900,welcome,ss210,tt210,7896543567,7896543567,567890,pune,ss2@gmail.com,789tyhufr,pune,Innova
IQ10901,welcome,ss211,tt211,8975432457,8975432457,789654,orrisa,ss1@gmail.com,io8965409,orrisa,Technova
IQ10902,welcome,ss212,tt212,8906543678,8906543678,524305,banglore,ss2@gmail.com,789tyhufr,banglore,Prime
IQ10903,welcome,ss213,tt213,8906543679,8906543679,897675,mumbai,ss1@gmail.com,io8965409,mumbai,Innova
IQ10904,welcome,ss214,tt214,8907654326,8907654326,567890,pune,ss2@gmail.com,789tyhufr,pune,Technova
IQ10905,welcome,ss215,tt215,7896543567,7896543567,789654,orrisa,ss1@gmail.com,io8965409,orrisa,Prime
IQ10906,welcome,ss216,tt216,8975432457,8975432457,524305,banglore,ss2@gmail.com,789tyhufr,banglore,Innova
IQ10907,welcome,ss217,tt217,8906543678,8906543678,897675,mumbai,ss1@gmail.com,io8965409,mumbai,Technova
IQ10908,welcome,ss218,tt218,8906543679,8906543679,567890,pune,ss2@gmail.com,789tyhufr,pune,Prime
IQ10909,welcome,ss219,tt219,8907654326,8907654326,789654,orrisa,ss1@gmail.com,io8965409,orrisa,Innova
IQ10910,welcome,ss220,tt220,7896543567,7896543567,524305,banglore,ss2@gmail.com,789tyhufr,banglore,Technova
IQ10911,welcome,ss221,tt221,8975432457,8975432457,897675,mumbai,ss1@gmail.com,io8965409,mumbai,Prime
IQ10912,welcome,ss222,tt222,8906543678,8906543678,567890,pune,ss2@gmail.com,789tyhufr,pune,Innova
IQ10913,welcome,ss223,tt223,8906543679,8906543679,789654,orrisa,ss1@gmail.com,io8965409,orrisa,Technova
IQ10914,welcome,ss224,tt224,8907654326,8907654326,524305,banglore,ss2@gmail.com,789tyhufr,banglore,Prime
IQ10915,welcome,ss225,tt225,7896543567,7896543567,897675,mumbai,ss1@gmail.com,io8965409,mumbai,Innova
IQ10916,welcome,ss226,tt226,8975432457,8975432457,567890,pune,ss2@gmail.com,789tyhufr,pune,Technova
IQ10917,welcome,ss227,tt227,8906543678,8906543678,789654,orrisa,ss1@gmail.com,io8965409,orrisa,Prime
IQ10918,welcome,ss228,tt228,8906543679,8906543679,524305,banglore,ss2@gmail.com,789tyhufr,banglore,Innova
IQ10919,welcome,ss229,tt229,8907654326,8907654326,897675,mumbai,ss1@gmail.com,io8965409,mumbai,Technova
IQ10920,welcome,ss230,tt230,7896543567,7896543567,567890,pune,ss2@gmail.com,789tyhufr,pune,Prime
IQ10921,welcome,ss231,tt231,8975432457,8975432457,789654,orrisa,ss1@gmail.com,io8965409,orrisa,Innova
IQ10922,welcome,ss232,tt232,8906543678,8906543678,524305,banglore,ss2@gmail.com,789tyhufr,banglore,Technova
IQ10923,welcome,ss233,tt233,8906543679,8906543679,897675,mumbai,ss1@gmail.com,io8965409,mumbai,Prime
IQ10924,welcome,ss234,tt234,8907654326,8907654326,567890,pune,ss2@gmail.com,789tyhufr,pune,Innova
IQ10925,welcome,ss235,tt235,7896543567,7896543567,789654,orrisa,ss1@gmail.com,io8965409,orrisa,Technova
IQ10926,welcome,ss236,tt236,8975432457,8975432457,524305,banglore,ss2@gmail.com,789tyhufr,banglore,Prime
IQ10927,welcome,ss237,tt237,8906543678,8906543678,897675,mumbai,ss1@gmail.com,io8965409,mumbai,Innova
IQ10928,welcome,ss238,tt238,8906543679,8906543679,567890,pune,ss2@gmail.com,789tyhufr,pune,Technova
IQ10929,welcome,ss239,tt239,8907654326,8907654326,789654,orrisa,ss1@gmail.com,io8965409,orrisa,Prime
IQ10930,welcome,ss240,tt240,7896543567,7896543567,524305,banglore,ss2@gmail.com,789tyhufr,banglore,Innova
IQ10931,welcome,ss241,tt241,8975432457,8975432457,897675,mumbai,ss1@gmail.com,io8965409,mumbai,Technova
IQ10932,welcome,ss242,tt242,8906543678,8906543678,567890,pune,ss2@gmail.com,789tyhufr,pune,Prime
IQ10933,welcome,ss243,tt243,8906543679,8906543679,789654,orrisa,ss1@gmail.com,io8965409,orrisa,Innova
IQ10934,welcome,ss244,tt244,8907654326,8907654326,524305,banglore,ss2@gmail.com,789tyhufr,banglore,Technova
IQ10935,welcome,ss245,tt245,7896543567,7896543567,897675,mumbai,ss1@gmail.com,io8965409,mumbai,Prime
IQ10936,welcome,ss246,tt246,8975432457,8975432457,567890,pune,ss2@gmail.com,789tyhufr,pune,Innova
IQ10937,welcome,ss247,tt247,8906543678,8906543678,789654,orrisa,ss1@gmail.com,io8965409,orrisa,Technova
IQ10938,welcome,ss248,tt248,8906543679,8906543679,524305,banglore,ss2@gmail.com,789tyhufr,banglore,Prime
IQ10939,welcome,ss249,tt249,8907654326,8907654326,897675,mumbai,ss1@gmail.com,io8965409,mumbai,Innova
IQ10940,welcome,ss250,tt250,7896543567,7896543567,567890,pune,ss2@gmail.com,789tyhufr,pune,Technova
IQ10941,welcome,ss251,tt251,8975432457,8975432457,789654,orrisa,ss1@gmail.com,io8965409,orrisa,Prime
IQ10942,welcome,ss252,tt252,8906543678,8906543678,524305,banglore,ss2@gmail.com,789tyhufr,banglore,Innova
IQ10943,welcome,ss253,tt253,8906543679,8906543679,897675,mumbai,ss1@gmail.com,io8965409,mumbai,Technova
IQ10944,welcome,ss254,tt254,8907654326,8907654326,567890,pune,ss2@gmail.com,789tyhufr,pune,Prime
IQ10945,welcome,ss255,tt255,7896543567,7896543567,789654,orrisa,ss1@gmail.com,io8965409,orrisa,Innova
IQ10946,welcome,ss256,tt256,8975432457,8975432457,524305,banglore,ss2@gmail.com,789tyhufr,banglore,Technova
IQ10947,welcome,ss257,tt257,8906543678,8906543678,897675,mumbai,ss1@gmail.com,io8965409,mumbai,Prime
IQ10948,welcome,ss258,tt258,8906543679,8906543679,567890,pune,ss2@gmail.com,789tyhufr,pune,Innova
IQ10949,welcome,ss259,tt259,8907654326,8907654326,789654,orrisa,ss1@gmail.com,io8965409,orrisa,Technova
IQ10950,welcome,ss260,tt260,7896543567,7896543567,524305,banglore,ss2@gmail.com,789tyhufr,banglore,Prime
IQ10967,welcome,ss261,tt261,8975432457,8975432457,897675,mumbai,ss1@gmail.com,io8965409,mumbai,Innova
IQ10968,welcome,ss262,tt262,8906543678,8906543678,567890,pune,ss2@gmail.com,789tyhufr,pune,Technova
IQ10969,welcome,ss263,tt263,8906543679,8906543679,789654,orrisa,ss1@gmail.com,io8965409,orrisa,Prime
IQ10970,welcome,ss264,tt264,8907654326,8907654326,524305,banglore,ss2@gmail.com,789tyhufr,banglore,Innova
IQ10971,welcome,ss265,tt265,7896543567,7896543567,897675,mumbai,ss1@gmail.com,io8965409,mumbai,Technova
IQ10972,welcome,ss266,tt266,8975432457,8975432457,567890,pune,ss2@gmail.com,789tyhufr,pune,Prime
IQ10973,welcome,ss267,tt267,8906543678,8906543678,789654,orrisa,ss1@gmail.com,io8965409,orrisa,Innova
IQ10974,welcome,ss268,tt268,8906543679,8906543679,524305,banglore,ss2@gmail.com,789tyhufr,banglore,Technova
IQ10975,welcome,ss269,tt269,8907654326,8907654326,897675,mumbai,ss1@gmail.com,io8965409,mumbai,Prime
IQ10976,welcome,ss270,tt270,7896543567,7896543567,567890,pune,ss2@gmail.com,789tyhufr,pune,Innova
IQ10978,welcome,ss271,tt271,8975432457,8975432457,789654,orrisa,ss1@gmail.com,io8965409,orrisa,Technova
IQ10980,welcome,ss272,tt272,8906543678,8906543678,524305,banglore,ss2@gmail.com,789tyhufr,banglore,Prime
IQ10981,welcome,ss273,tt273,8906543679,8906543679,897675,mumbai,ss1@gmail.com,io8965409,mumbai,Innova
IQ10982,welcome,ss274,tt274,8907654326,8907654326,567890,pune,ss2@gmail.com,789tyhufr,pune,Technova
IQ10983,welcome,ss275,tt275,7896543567,7896543567,789654,orrisa,ss1@gmail.com,io8965409,orrisa,Prime
IQ10985,welcome,ss276,tt276,8975432457,8975432457,524305,banglore,ss2@gmail.com,789tyhufr,banglore,Innova
IQ10986,welcome,ss277,tt277,8906543678,8906543678,897675,mumbai,ss1@gmail.com,io8965409,mumbai,Technova
IQ10987,welcome,ss278,tt278,8906543679,8906543679,567890,pune,ss2@gmail.com,789tyhufr,pune,Prime
IQ10988,welcome,ss279,tt279,8907654326,8907654326,789654,orrisa,ss1@gmail.com,io8965409,orrisa,Innova
IQ10990,welcome,ss280,tt280,7896543567,7896543567,524305,banglore,ss2@gmail.com,789tyhufr,banglore,Technova
IQ10991,welcome,ss281,tt281,8975432457,8975432457,897675,mumbai,ss1@gmail.com,io8965409,mumbai,Prime
IQ10992,welcome,ss282,tt282,8906543678,8906543678,567890,pune,ss2@gmail.com,789tyhufr,pune,Innova
IQ10993,welcome,ss283,tt283,8906543679,8906543679,789654,orrisa,ss1@gmail.com,io8965409,orrisa,Technova
IQ10994,welcome,ss284,tt284,8907654326,8907654326,524305,banglore,ss2@gmail.com,789tyhufr,banglore,Prime
IQ10995,welcome,ss285,tt285,7896543567,7896543567,897675,mumbai,ss1@gmail.com,io8965409,mumbai,Innova
IQ10997,welcome,ss286,tt286,8975432457,8975432457,567890,pune,ss2@gmail.com,789tyhufr,pune,Technova
IQ10998,welcome,ss287,tt287,8906543678,8906543678,789654,orrisa,ss1@gmail.com,io8965409,orrisa,Prime
IQ10999,welcome,ss288,tt288,8906543679,8906543679,524305,banglore,ss2@gmail.com,789tyhufr,banglore,Innova
IQ11000,welcome,ss289,tt289,8907654326,8907654326,897675,mumbai,ss1@gmail.com,io8965409,mumbai,Technova
IQ11001,welcome,ss290,tt290,7896543567,7896543567,567890,pune,ss2@gmail.com,789tyhufr,pune,Prime
IQ11003,welcome,ss291,tt291,8975432457,8975432457,789654,orrisa,ss1@gmail.com,io8965409,orrisa,Innova
IQ11004,welcome,ss292,tt292,8906543678,8906543678,524305,banglore,ss2@gmail.com,789tyhufr,banglore,Technova
IQ11005,welcome,ss293,tt293,8906543679,8906543679,897675,mumbai,ss1@gmail.com,io8965409,mumbai,Prime
IQ11006,welcome,ss294,tt294,8907654326,8907654326,567890,pune,ss2@gmail.com,789tyhufr,pune,Innova
IQ11007,welcome,ss295,tt295,7896543567,7896543567,789654,orrisa,ss1@gmail.com,io8965409,orrisa,Technova
IQ11008,welcome,ss296,tt296,8975432457,8975432457,524305,banglore,ss2@gmail.com,789tyhufr,banglore,Prime
IQ11009,welcome,ss297,tt297,8906543678,8906543678,897675,mumbai,ss1@gmail.com,io8965409,mumbai,Innova
IQ11010,welcome,ss298,tt298,8906543679,8906543679,567890,pune,ss2@gmail.com,789tyhufr,pune,Technova
IQ11011,welcome,ss299,tt299,8907654326,8907654326,789654,orrisa,ss1@gmail.com,io8965409,orrisa,Prime
